title,content,home_ground,address,email,gga_code,union,competition,photo_url
ΑΓ. ΑΝΑΡΓΥΡΟΙ,,ΑΓ.ΑΝΑΡΓΥΡΩΝ,ΒΑΛΤΕΤΣΙΟΥ 1,,,epsa,,
ΑΓ. ΔΗΜΗΤΡΙΟΣ,,ΑΓ.ΔΗΜΗΤΡΙΟΥ,ΑΓ. ΔΗΜΗΤΡΙΟΥ 321,,,epsa,,
ΑΓ. ΕΛΕΟΥΣΑ,,ΑΙΓΑΛΕΩ (ΟΡΥΖΟΜΥΛΩΝ),ΣΕΡΙΦΟΥ 2 ΑΓ.ΒΑΡΒΑΡΑ,agiaeleousa_ape@hotmail.gr,,epsa,,
ΑΓ. ΘΩΜΑΣ,,ΓΟΥΔΗ,ΤΕΡΜΑ Γ. ΠΑΠΑΝΔΡΕΟΥ,agiosthomas1966@yahoo.gr,,epsa,,
ΑΓ. ΙΕΡΟΘΕΟΣ,,ΠΕΡΙΣΤΕΡΙΟΥ (ΧΩΡΑΦΑΣ),ΙΩΑΝΝΙΝΩΝ 24,,,epsa,,
ΑΓ. ΠΑΡΑΣΚΕΥΗ,,ΑΓ.ΠΑΡΑΣΚΕΥΗΣ,ΓΡΑΒΙΑΣ 47 & ΣΠΑΡΤΗΣ 1,paesanta@gmail.com,,epsa,,
ΑΓΙΑΞ ΤΑΥΡΟΥ,,ΤΑΥΡΟΥ Β΄ (Χ.ΠΑΥΛΙΔΗΣ),ΧΑΜΟΣΤΕΡΝΑΣ & ΚΩΝ/ΛΕΩΣ,,,epsa,,
ΑΕ ΗΡΑΚΛΕΙΟ,,ΗΡΑΚΛΕΙΟΥ,ΠΡΑΣΙΝΟΥ ΛΟΦΟΥ,fcirakleio@gmail.com,,epsa,,
ΑΕ ΙΛΙΟΥ,,ΙΛΙΟΥ,ΕΛΕΥΣΙΝΙΩΝ ΜΥΣΤΗΡΙΩΝ,aeiliou@hotmail.com,,epsa,,
ΑΕ ΚΗΦΙΣΙΑΣ,,ΖΗΡΙΝΕΙΟΥ,,academy@kifisiafc.gr,,epsa,,
ΑΕ ΜΕΤΑΜΟΡΦΩΣΗΣ,,ΜΕΤ/ΣΗΣ ΛΥΚΟΒΡΥΣΗΣ,ΑΜΑΡΑΝΤΟΣ 12,,,epsa,,
ΑΕ ΠΕΡΙΣΤΕΡΙΟΥ,,ΗΦΑΙΣΤΟΥ,ΗΦΑΙΣΤΟΥ 3 12136 ΠΕΡΙΣΤΕΡΙ,aeperisteriou2006@gmail.com,,epsa,,
ΑΕΚ,,ΣΠΑΤΩΝ (ΕΓΚΑΤΑΣΤΑΣΕΙΣ KICKS AK,Λ. ΔΕΚΕΛΕΙΑΣ 138-140,fdouni@aekfcacademy.net.gr,,epsa,,
ΑΘΗΝΑΪΔΑ,,ΚΥΨΕΛΗΣ (ΑΛΕΠΟΤΡΥΠΑΣ),ΜΕΓΙΣΤΗΣ 91,,,epsa,,
ΑΘΗΝΑΪΚΟΣ,,ΒΥΡΩΝΑ ΔΗΜΟΤΙΚΟ ΣΤΑΔΙΟ,Ν. ΕΛΒΕΤΙΑΣ 38,info@athinaikosfc.gr,,epsa,,
ΑΘΗΝΑΪΚΟΣ Β΄,,ΒΥΡΩΝΑ ΕΡΓΑΝΗ (Δ. ΝΙΚΟΛΑΪΔΗΣ),,,,epsa,,
ΑΛΣΟΥΠΟΛΗ,,ΝΕΑΣ ΙΩΝΙΑΣ,Μεσσηνίας 28 Αλσούπολη –,1961alsoupoli@gmail.com,,epsa,,
ΑΜΙΛΛΑ ΠΕΡΙΣΤΕΡΙΟΥ,,ΠΕΡΙΣΤΕΡΙΟΥ (ΧΩΡΑΦΑΣ),ΒΟΡ. ΗΠΕΙΡΟΥ 21,cmpozatz@gmail.com,,epsa,,
ΑΜΠΕΛΟΚΗΠΟΙ,,ΚΥΨΕΛΗΣ (ΑΛΕΠΟΤΡΥΠΑΣ),ΣΕΒΑΣΤΟΥΠΟΛΕΩΣ 67,info@apsampelokipoi.gr,,epsa,,
ΑΝΑΓΕΝΝΗΣΗ ΠΕΤΡ/ΛΗΣ,,ΠΕΤΡΟΥΠΟΛΗΣ Β΄(ΑΛΚΥΩΝ),ΓΗΠΕΔΟ ΠΕΤΡΟΥΠΟΛΗΣ Γ΄,,,epsa,,
ΑΝΘΟΥΠΟΛΗ,,ΠΕΡΙΣΤΕΡΙΟΥ (ΧΩΡΑΦΑΣ),ΑΧΑΪΑΣ 4- ΑΝΘΟΥΠΟΛΗ,,,epsa,,
ΑΟ ΑΙΓΑΛΕΩ,,ΑΙΓΑΛΕΩ (ΕΔΕΣΣΗΣ),ΠΛΑΣΤΗΡΑ 20,egaleofc@yahoo.gr,,epsa,,
ΑΟ ΑΙΓΑΛΕΩ Β΄,,ΑΙΓΑΛΕΩ (ΕΔΕΣΣΗΣ),,,,epsa,,
ΑΟ ΓΛΥΦΑΔΑΣ,,ΓΛΥΦΑΔΑΣ,"Αλέξανδρου Παναγούλη 2, 16577",academy@glyfadafc.gr,,epsa,,
ΑΟ ΖΩΗ,,,,,,epsa,,
ΑΟ ΙΛΙΟΥ,,ΙΛΙΟΥ,ΕΡΜΙΟΝΗΣ 35 ΙΛΙΟΝ 13122,ao-iliou@hotmail.com,,epsa,,
ΑΟ ΚΑΛΑΜΑΚΙΟΥ,,ΚΑΛΑΜAKIOY ΑΛΙΜΟΥ Β΄,ΓΕΡΟΥΛΑΝΟΥ 2 ΑΛΙΜΟΣ,pr@aokalamakiou.gr,,epsa,,
ΑΟ ΚΩΦΩΝ,,ΑΚΑΔΗΜΙΑ ΠΛΑΤΩΝΟΣ,ΑΡΙΣΤΟΓΕΙΤΟΝΟΣ 11-13,,,epsa,,
ΑΟ ΠΕΡΙΣΤΕΡΙΟΥ,,ΗΦΑΙΣΤΟΥ,ΚΡΕΣΝΑΣ 90- ΠΕΡΙΣΤΕΡΙ,peristeri2023@gmail.com,,epsa,,
ΑΟΝ ΑΡΓ/ΛΗΣ ΕΛΛΗΝΙΚΟΝ,,ΑΡΓΥΡΟΥΠΟΛΗΣ Α΄ (Γ.ΚΟΣΙΚΙΔΗΣ),ΤΡΙΠΟΛΕΩΣ 3,,,epsa,,
ΑΠΟ ΔΙΑΓΟΡΑΣ ΑΙΓΑΛΕΩ,,ΑΙΓΑΛΕΩ Δ.Α.Κ.,,diagorasaigaleofc@gmail.com,,epsa,,
ΑΠΟΛΛΩΝ ΑΘΗΝΩΝ - ΔΑΦΝΗ,,ΡΟΥΦ,,,,epsa,,
ΑΠΟΛΛΩΝ ΣΜΥΡΝΗΣ,,ΑΠΟΛΛΩΝΑ ΣΜΥΡΝΗΣ (Γ.ΚΑΜΑΡΑΣ),ΛΕΩΦ. ΗΡΑΚΛΕΙΟΥ 119,apollon@apollongs.gr,,epsa,,
ΑΠΟΛΛΩΝ ΧΑΛΑΝΔΡΙΟΥ,,ΚΑΤΩ ΧΑΛΑΝΔΡΙΟΥ,ΣΑΡΑΝΤΑΠΟΡΟΥ & ΛΕΥΚΩΣΙΑΣ,,,epsa,,
ΑΡΗΣ ΚΑΛΑΜΑΚΙΟΥ,,ΚΑΛΑΜAKIOY ΑΛΙΜΟΥ Β΄,ΚΟΚΚΙΝΟΠΟΥΛΟΥ 162,ariskalamakioufc1948@gmail.com,,epsa,,
ΑΡΗΣ ΠΕΤΡ/ΛΗΣ,,ΠΕΤΡΟΥΠΟΛΗΣ  Γ΄ (ΓΡΗΓΟΡΙΟΥ),Κ. Βάρναλη 118  13231 Πετρούπο,arispetroupolis1926@gmail.com,,epsa,,
ΑΡΗΣ ΧΟΛΑΡΓΟΥ,,ΧΟΛΑΡΓΟΥ  Α΄,ΖΑΚΥΝΘΟΥ 2,,,epsa,,
ΑΡΙΩΝ,,ΥΜΗΤΤΟΥ,ΙΛΙΑΔΟΣ 148,info@arionsports.gr,,epsa,,
ΑΡΜΕΝΙΚΗ,,ΕΛΛΗΝΙΚΟΥ,ΕΘΝΙΚΗΣ ΣΤΕΓΗΣ & ΑΡΤΑΚΗΣ,,,epsa,,
ΑΣ ΟΛΥΜΠΙΑΔΑ ΥΜΗΤΤΟΥ,,,,,,epsa,,
ΑΣΤΕΡΑΣ ΕΞΑΡΧΕΙΩΝ,,ΚΥΨΕΛΗΣ (ΑΛΕΠΟΤΡΥΠΑΣ),ΤΣΑΜΑΔΟΥ 10 - ΑΘΗΝΑ,asterasexarchion@gmail.com,,epsa,,
ΑΣΤΕΡΑΣ ΖΩΓΡΑΦΟΥ,,ΖΩΓΡΑΦΟΥ (ΓΡ.ΛΑΜΠΡΑΚΗΣ),ΑΓ. ΘΕΡΑΠΟΝΤΟΣ 7,,,epsa,,
ΑΣΤΕΡΑΣ ΧΑΪΔΑΡΙΟΥ,,ΧΑΪΔΑΡΙΟΥ ΑΘΛΗΤΙΚΟ ΚΕΝΤΡΟ,"Ιερά Οδός 255, Χαϊδάρι",asteras.xaidariou@gmail.com,,epsa,,
ΑΤΛΑΣ ΚΥΨΕΛΗΣ,,ΚΥΨΕΛΗΣ (ΑΛΕΠΟΤΡΥΠΑΣ),ΜΥΤΙΛΗΝΗΣ 50,atlaslonglived@hotmail.com,,epsa,,
ΑΤΡΟΜΗΤΟΣ ΑΘΗΝΩΝ,,ΠΕΡΙΣΤΕΡΙΟΥ (ΓΑΛΑΞΙΑ),ΟΡΦΕΩΣ & ΡΑΒΙΝΕ 6,atromitos@atromitosfc.gr,,epsa,,
ΑΤΡΟΜΗΤΟΣ ΜΕΤ/ΣΗΣ,,ΜΕΤ/ΣΗΣ ΛΥΚΟΒΡΥΣΗΣ,ΔΙΛΟΦΟΥ 3 ΜΕΤΑΜΟΡΦΩΣΗ,,,epsa,,
ΑΤΡΟΜΗΤΟΣ ΧΑΛΑΝΔΡΙΟΥ,,ΧΑΛΑΝΔΡΙΟΥ,ΛΕΩΦ. ΠΕΝΤΕΛΗΣ 150,,,epsa,,
ΑΤΤΑΛΟΣ Ν.ΦΙΛ.,,ΚΑΤΩ ΑΧΑΡΝΩΝ,ΤΡΩΑΔΟΣ 2,info@aonfattalos.gr,,epsa,,
ΑΤΤΙΚΟΣ,,ΑΚΑΔΗΜΙΑ ΠΛΑΤΩΝΟΣ,Λ. ΚΩΝ/ΛΕΩΣ & ΜΕΓ. ΒΑΣΙΛΕΙΟΥ,,,epsa,,
ΒΡΙΛΗΣΣΙΑ,,ΒΡΙΛΗΣΣΙΩΝ,ΚΙΣΣΑΒΟΥ&ΟΛΥΜΠΙΟΝΙΚΩΝ ΒΡΙΛΗΣΣΙ,,,epsa,,
ΒΥΡΩΝ,,ΒΥΡΩΝΑ ΕΡΓΑΝΗ (Δ. ΝΙΚΟΛΑΪΔΗΣ),ΔΗΜ. ΒΥΡΩΝΑ ΕΡΓΑΝΗ,aobyron1954@yahoo.gr,,epsa,,
Γ.Σ. ΚΑΛΛΙΘΕΑ,,ΤΖΙΤΖΙΦΙΩΝ (ΠΑΡΑΛΙΑΣ),ΓΡ. ΛΑΜΠΡΑΚΗ 1,info@gskallithea.gr,,epsa,,
ΓΑΛΑΞΙΑΣ,,ΧΡΥΣΟΥΠΟΛΗΣ,ΤΕΛΑΜΩΝΟΣ 78- ΠΕΡΙΣΤΕΡΙ,,,epsa,,
ΓΚΥΖΙΑΚΟΣ,,ΚΥΨΕΛΗΣ (ΑΛΕΠΟΤΡΥΠΑΣ),Πριγκηπονήσων 43 11476 Αθήνα,gyziakos@yahoo.gr,,epsa,,
ΓΣ ΑΡΓΥΡΟΥΠΟΛΗΣ,,ΑΡΓΥΡΟΥΠΟΛΗΣ Β΄,ΚΥΠΡΟΥ & ΤΡΙΠΟΛΕΩΣ,dimilev11@gmail.com,,epsa,,
ΓΣ ΑΡΓΥΡΟΥΠΟΛΗΣ Β΄,,ΑΡΓΥΡΟΥΠΟΛΗΣ Α΄ (Γ.ΚΟΣΙΚΙΔΗΣ),,,,epsa,,
ΓΣ ΚΑΙΣΑΡΙΑΝΗΣ,,ΝΗΑΡ. ΗΣΤ,ΟΔΕΜΗΣΙΟΥ 3,gskaisarianis1947@yahoo.com,,epsa,,
ΓΣ.ΗΛΙΟΥΠΟΛΗΣ,,ΗΛΙΟΥΠΟΛΗΣ Α΄,ΤΥΡΤΑΙΟΥ 1-3,ilioupoligs@gmail.com,,epsa,,
ΔΑΣΟΣ ΧΑΪΔΑΡΙΟΥ,,ΧΑΪΔΑΡΙΟΥ ΑΘΛΗΤΙΚΟ ΚΕΝΤΡΟ,ΙΕΡΑ ΟΔΟΣ 255,,,epsa,,
ΔΑΦΝΗ Π. ΦΑΛΗΡΟΥ,,ΠΑΛ.ΦΑΛΗΡΟΥ (Σ.ΑΓΓΕΛΟΠΟΥΛΟΣ),ΓΗΠΕΔΟ ΣΩΤ. ΑΓΓΕΛΟΠΟΥΛΟΣ,,,epsa,,
ΔΙΑΝΑ ΗΛΙΟΥΠ. Β΄,,ΗΛΙΟΥΠΟΛΗΣ Β΄,,,,epsa,,
ΔΙΑΝΑ ΗΛΙΟΥΠΟΛΗΣ,,ΗΛΙΟΥΠΟΛΗΣ Β΄,ΠΑΡΝΗΘΟΣ 10,,,epsa,,
ΔΟΞΑ ΒΥΡΩΝΟΣ,,ΒΥΡΩΝΑ ΔΗΜΟΤΙΚΟ ΣΤΑΔΙΟ,ΠΡΟΥΣΗΣ 22,,,epsa,,
ΔΟΞΑ ΓΚΥΖΗ,,ΠΑΠΑΓΟΥ,ΒΑΦΕΙΟΧΩΡΙΟΥ 21 - ΓΚΥΖΗ,doxagyzi@gmail.com,,epsa,,
ΕΘΝΙΚΟΣ ΑΣΤΕΡΑΣ,,ΚΑΙΣΑΡΙΑΝΗΣ (ΒΟΗΘΗΤΙΚΟ),ΕΘΝ. ΑΝΤΙΣΤΑΣΗΣ 118,,,epsa,,
ΕΘΝΙΚΟΣ ΑΣΤΕΡΑΣ ΚΑΙΣ/ΝΗΣ,,ΚΑΙΣΑΡΙΑΝΗΣ (Μ.ΚΡΗΤΙΚΟΠΟΥΛΟΣ),ΟΔΕΜΗΣΙΟΥ&ΕΘΝ.ΑΝΤΙΣΤΑΣΕΩΣ,asteraskaisarianis@gmail.com,,epsa,,
ΕΙΡΗΝΗ ΠΕΤΡ/ΛΗΣ,,ΠΕΤΡΟΥΠΟΛΗΣ  Γ΄ (ΓΡΗΓΟΡΙΟΥ),ΤΣΙΜΙΣΚΗ 1- ΙΛΙΟΝ,gseirini.petroupoli@gmail.com,,epsa,,
ΕΛΕΥΘΕΡΟΥΠΟΛΗ,,ΝΕΑΣ ΙΩΝΙΑΣ,ΝΥΜΦΑΙΟΥ 50,,,epsa,,
ΕΛΕΥΘΕΡΟΥΠΟΛΗ Β΄,,ΝΕΑΣ ΙΩΝΙΑΣ,,,,epsa,,
ΕΛΠΙΔΑ ΑΓ. ΑΝΑΡΓΥΡΩΝ,,ΑΓ.ΑΝΑΡΓΥΡΩΝ,ΔΗΜΟΚΡΑΤΙΑΣ 1 7 ΒΑΛΤΕΤΣΙΟΥ 1,,,epsa,,
ΕΛΠΙΔΑ ΑΓ.ΑΝΑΡΓ. Β΄,,ΑΓ.ΑΝΑΡΓΥΡΩΝ,,,,epsa,,
ΕΝΩΣΗ ΒΟΤΑΝΙΚΟΥ,,ΡΟΥΦ,ΧΑΛΚΙΔΙΚΗΣ 89- ΑΘΗΝΑ,,,epsa,,
ΕΡΜΗΣ ΗΡΑΚΛΕΙΟΥ,,ΗΡΑΚΛΕΙΟΥ,ΠΡΑΣΙΝΟΥ ΛΟΦΟΥ,,,epsa,,
ΖΕΦΥΡΟΣ,,ΑΙΓΑΛΕΩ Δ.Α.Κ.,ΔΑΡΔΑΝΕΛΕΙΩΝ 8,,,epsa,,
ΗΛΙΟΥΠΟΛΗ 1,,ΗΛΙΟΥΠΟΛΗΣ Δ΄,,,,epsa,,
ΗΛΙΟΥΠΟΛΗ Κ19,,ΗΛΙΟΥΠΟΛΗΣ Β΄,,,,epsa,,
ΗΛΥΣΙΑΚΟΣ,,ΖΩΓΡΑΦΟΥ (ΓΡ.ΛΑΜΠΡΑΚΗΣ),,infoilisiakos@yahoo.gr,,epsa,,
ΗΛΥΣΙΑΚΟΣ 1,,ΓΟΥΔΗ,,,,epsa,,
ΗΛΥΣΙΑΚΟΣ Β΄,,ΓΟΥΔΗ,,,,epsa,,
ΗΡΑΚΛΗΣ ΑΓ.ΔΗΜΗΤΡΙΟΥ,,ΑΡΓΥΡΟΥΠΟΛΗΣ Α΄ (Γ.ΚΟΣΙΚΙΔΗΣ),,,,epsa,,
ΗΡΑΚΛΗΣ ΠΕΡΙΣΤΕΡΙΟΥ,,ΗΦΑΙΣΤΟΥ,,iraklisperisteriou@gmail.com,,epsa,,
ΗΦΑΙΣΤΟΣ ΠΕΡ/ΡΙΟΥ,,ΗΦΑΙΣΤΟΥ,ΗΦΑΙΣΤΟΥ 3,,,epsa,,
ΘΕΜΙΣΤΟΚΛΗΣ,,ΑΙΓΑΛΕΩ Δ.Α.Κ.,,,,epsa,,
ΘΡΙΑΜΒΟΣ ΑΘΗΝΩΝ,,ΥΜΗΤΤΟΥ,Εθνάρχου Μακαρίου 136 Δάφνη,thriamvosfc@gmail.com,,epsa,,
ΘΡΙΑΜΒΟΣ ΧΑΪΔΑΡΙΟΥ,,ΧΑΪΔΑΡΙΟΥ (Τ.ΧΑΡΑΛΑΜΠΙΔΗΣ),,thriamvosxaidarioufc@gmail.com,,epsa,,
ΘΥΕΛΛΑ ΑΓ. ΔΗΜΗΤΡΙΟΥ,,ΑΓ.ΔΗΜΗΤΡΙΟΥ,ΑΓ.ΔΗΜΗΤΡΙΟΥ321&ΘΕΟΜΗΤΟΡΟΣ,a.o.thyella.ag.dimitriou@gmail,,epsa,,
ΘΥΕΛΛΑ ΠΕΡΙΣΤΕΡΙΟΥ,,ΧΡΥΣΟΥΠΟΛΗΣ,ΠΤΟΛΕΜΑΪΔΟΣ 12-14,thyellaper@yahoo.gr,,epsa,,
ΙΑΣΩΝ,,ΙΛΙΟΥ,Δ.ΙΛΙΟΥ ΕΛΕΥΣΙΝΙΩΝ ΜΥΣΤΗΡΙΩΝ,iasonasiliou@gmail.com,,epsa,,
ΙΕΡΑΠΟΛΗ,,ΑΙΓΑΛΕΩ (ΕΔΕΣΣΗΣ),ΚΟΡΑΗ 2,,,epsa,,
ΙΛΙΣΙΑ 2004,,ΓΟΥΔΗ,ΠΙΕΡΡΑΚΟΥ 44,ilisia2004@hotmail.gr,,epsa,,
ΙΠΠΟΚΡΑΤΗΣ,,ΗΦΑΙΣΤΟΥ,ΗΦΑΙΣΤΟΥ 3,info@ippokratis-fc.gr,,epsa,,
ΙΩΝΕΣ ΑΛΙΜΟΥ,,ΚΑΛΑΜAKIOY ΑΛΙΜΟΥ Β΄,,,,epsa,,
ΚΑΜΑΤΕΡΟ,,ΚΑΜΑΤΕΡΟΥ,ΤΕΡΜΑ ΙΕΡΟΥ ΛΟΧΟΥ,fckamatero@gmail.com,,epsa,,
ΚΕΝΤΑΥΡΟΣ ΒΡΙΛΗΣΣΙΩΝ,,ΒΡΙΛΗΣΣΙΩΝ,ΟΡΕΣΤΙΑΔΟΣ 9 ΒΡΙΛΗΣΣΙΑ,kentavrosfc2003@gmail.com,,epsa,,
ΚΕΡΑΜΕΙΚΟΣ,,ΡΟΥΦ,,kerameikos.ae@gmail.com,,epsa,,
ΚΕΡΑΥΝΟΣ ΑΓ. ΒΑΡΒΑΡΑΣ,,ΑΓ.ΒΑΡΒΑΡΑΣ,ΕΛ. ΒΕΝΙΖΕΛΟΥ 74,,,epsa,,
ΚΕΡΑΥΝΟΣ ΠΕΤΡ/ΛΗΣ,,ΠΕΤΡΟΥΠΟΛΗΣ Β΄(ΑΛΚΥΩΝ),Γ΄ΓΗΠΕΔΟ ΠΕΤΡ/ΛΗΣ (ΓΡΗΓΟΡΙΟΥ),keravnospetroupoliswebtv@gmail,,epsa,,
ΚΗΠΟΥΠΟΛΗ,,ΧΡΥΣΟΥΠΟΛΗΣ,ΦΟΙΝΙΚΩΝ ΚΑΙ ΝΟΥΦΑΡΩΝ ΠΕΡΙΣΤΕΡ,ao.kipoupolis@gmail.com,,epsa,,
ΚΗΦΙΣΙΑ 2010,,ΖΗΡΙΝΕΙΟΥ,Λ.Κηφισίας 228 Κηφισιά 14562,askifisia2010@gmail.com,,epsa,,
ΚΟΛΛΕΓΙΟ ΝΤΕΡΗ,,ΚΟΛΛΕΓΙΟΥ ΝΤΕΡΗ,,,,epsa,,
ΚΟΛΩΝΟΣ,,ΡΟΥΦ,ΜΑΡΩΝΕΙΑΣ 14-16,colonosfc@gmail.com,,epsa,,
ΚΟΡΩΝΙΔΑ,,ΓΑΛΑΤΣΙΟΥ,ΑΝΔΡΙΤΣΑΙΝΗΣ 73,aokoronida1975@gmail.com,,epsa,,
ΚΟΥΚΑΚΙ,,ΡΟΥΦ,Γ. ΚΟΛΟΚΟΤΡΩΝΗ 54,,,epsa,,
ΚΟΨΑΧΕΙΛΑ,,ΠΑΛ.ΦΑΛΗΡΟΥ (Σ.ΑΓΓΕΛΟΠΟΥΛΟΣ),ΣΩΚΡΑΤΟΥΣ 55 & ΓΟΡΤΥΝΙΑΣ,,,epsa,,
ΚΡΟΝΟΣ ΑΘΗΝΩΝ,,ΚΥΨΕΛΗΣ (ΑΛΕΠΟΤΡΥΠΑΣ),ΜΠΕΡΟΒΟΥ 55,apokronos@orenet.gr,,epsa,,
ΛΑΡΙΣΑΪΚΟΣ,,ΑΚΑΔΗΜΙΑ ΠΛΑΤΩΝΟΣ,ΨΑΡΩΝ 58-62,,,epsa,,
ΛΑΥΡΑ ΑΡΓ/ΛΗΣ,,ΑΡΓΥΡΟΥΠΟΛΗΣ Β΄,ΟΛΥΜΠΙΑΣ & ΚΟΛΟΚΟΤΡΩΝΗ 5,info@lavrafc.gr,,epsa,,
ΛΕΟΝΤΕΣ,,ΡΟΥΦ,Κεδρηνού 85 -Αμπελόκηποι,vas_bla@yahoo.gr,,epsa,,
ΛΥΚΟΒΡΥΣΗ,,ΜΕΤ/ΣΗΣ ΛΥΚΟΒΡΥΣΗΣ,Λ. ΚΑΡΑΓΙΑΝΝΗ 10,aolikovrisisattikis@yahoo.gr,,epsa,,
ΛΥΚΟΒΡΥΣΗ Β΄,,ΜΕΤ/ΣΗΣ ΛΥΚΟΒΡΥΣΗΣ,,,,epsa,,
ΛΥΚΟΙ ΧΑΪΔΑΡΙΟΥ,,ΧΑΪΔΑΡΙΟΥ (Τ.ΧΑΡΑΛΑΜΠΙΔΗΣ),ΠΕΡΙΚΛΕΟΥΣ 35,,,epsa,,
ΜΑΡΟΥΣΙ,,ΠΕΥΚΗΣ,Ν. ΠΛΑΣΤΗΡΑ 7 ΜΑΡΟΥΣΙ,,,epsa,,
ΜΕΛΙΣΣΙΑ,,ΜΕΛΙΣΣΙΩΝ,Κ. ΤΣΙΜΠΡΙΚΙΔΗ 4-6,,,epsa,,
ΝΕΑ ΙΩΝΙΑ,,ΝΕΑΣ ΙΩΝΙΑΣ,ΟΜΟΡΦΟΚΛΗΣΙΑΣ,,,epsa,,
ΝΕΑ ΣΜΥΡΝΗ,,ΑΡΓΥΡΟΥΠΟΛΗΣ Α΄ (Γ.ΚΟΣΙΚΙΔΗΣ),ΚΟΤΟΠΟΥΛΗ 7,,,epsa,,
ΝΕΟΙ ΑΘΗΝΑΣ ΟΦΗ,,ΑΓ.ΒΑΡΒΑΡΑΣ,Μ. ΑΝΔΡΟΝΙΚΟΥ 21,aimosfc@gmail.com,,epsa,,
ΝΕΟΠΕΝΤΕΛΙΚΟΣ,,ΜΕΛΙΣΣΙΩΝ,ΕΛΠΙΔΟΣ 2,info.neopentelikos@gmail.com,,epsa,,
ΝΙΚΗ ΑΛΙΜΟΥ,,ΚΑΛΑΜAKIOY ΑΛΙΜΟΥ Β΄,ΠΑΓΩΝΙΟΥ 21,kostasapergis1982@gmail.com,,epsa,,
ΝΙΚΗ ΓΑΛΑΤΣΙΟΥ,,ΓΑΛΑΤΣΙΟΥ,ΑΝΑΦΗΣ 44-46,gio.kaska.di@gmail.com,,epsa,,
ΟΛΥΜΠΙΑΚΟΣ ΓΛΥΦΑΔΑΣ,,ΓΛΥΦΑΔΑΣ,ΑΝΑΠΑΥΣΕΩΣ 33,,,epsa,,
ΟΛΥΜΠΙΑΚΟΣ Ν.ΛΙΟΣΙΩΝ,,ΙΛΙΟΥ,ΠΟΛΥΦΗΜΟΥ 99,osfpnl1952@gmail.com,,epsa,,
ΟΛΥΜΠΙΑΚΟΣ ΣΕΠΟΛΙΩΝ,,ΑΚΑΔΗΜΙΑ ΠΛΑΤΩΝΟΣ,ΜΑΧΗ ΠΟΓΡΑΔΕΤΣ 6,,,epsa,,
ΟΡΦΕΑΣ ΑΙΓΑΛΕΩ,,ΑΙΓΑΛΕΩ Δ.Α.Κ.,ΣΟΥΛΙΟΥ & ΣΙΦΝΟΥ,,,epsa,,
ΠΑΓΚΡΑΤΙ,,ΕΛΛΗΝΙΚΟΥ,ΠΥΡΡΟΥ 10-12,info@pagratiao.gr,,epsa,,
ΠΑΛ.ΦΑΛΗΡΟ,,ΠΑΛ.ΦΑΛΗΡΟΥ (Σ.ΑΓΓΕΛΟΠΟΥΛΟΣ),ΓΗΠΕΔΟ ΣΩΤ. ΑΓΓΕΛΟΠΟΥΛΟΣ,,,epsa,,
ΠΑΝΑΘΗΝΑΙΚΟΣ,,,,,,epsa,,
ΠΑΝΕΡΥΘΡΑΪΚΟΣ,,ΝΕΑΣ ΕΡΥΘΡΑΙΑΣ,ΓΥΜΝΑΣΤΗΡΙΟΥ 8,,,epsa,,
ΠΑΝΘΗΣΕΙΑΚΟΣ,,ΡΟΥΦ,ΦΥΛΛΙΔΟΣ 9 ΘΗΣΕΙΟ,,,epsa,,
ΠΑΝΙΩΝΙΟΣ ΚΑΙΣ/ΝΗΣ,,ΝΗΑΡ. ΗΣΤ,ΟΔΕΜΗΣΙΟΥ 3,,,epsa,,
ΠΑΝΙΩΝΙΟΣ ΣΜΥΡΝΗΣ,,ΑΡΓΥΡΟΥΠΟΛΗΣ Β΄,Ι. ΧΡΥΣΟΣΤΟΜΟΥ 1,,,epsa,,
ΠΑΠΑΓΟΣ,,ΧΟΛΑΡΓΟΥ  Β΄,,fcpapagos@gmail.com,,epsa,,
ΠΑΡΑΔΕΙΣΟΣ,,ΠΕΥΚΗΣ,ΚΩΣΤΗ ΠΑΛΑΜΑ 4,,,epsa,,
ΠΑΣ ΑΘΗΝΩΝ 1966,,ORION ΓΛΥΦΑΔΑΣ,,hraklisfc_2014@yahoo.gr,,epsa,,
ΠΑΣ ΓΑΛΑΤΣΙ,,ΓΑΛΑΤΣΙΟΥ,Καραϊσκάκη 15-17 Γαλάτσι 11146,pasgalatsi@gmail.com,,epsa,,
ΠΑΣ ΓΑΛΑΤΣΙ 2,,ΓΑΛΑΤΣΙΟΥ,,,,epsa,,
ΠΑΤΗΣΙΑ,,ΓΑΛΑΤΣΙΟΥ,ialemoy 58-60,info@gspatision.gr,,epsa,,
ΠΕΡΑ ΚΛΟΥΜΠ,,ΚΥΨΕΛΗΣ (ΑΛΕΠΟΤΡΥΠΑΣ),ΛΑΡΙΣΗΣ 42 ΑΜΠΕΛΟΚΗΠΟΙ,,,epsa,,
ΠΕΤΡΑΛΩΝΑ,,ΡΟΥΦ,ΑΠΟΛΛΩΝΙΟΥ 16,,,epsa,,
ΠΕΥΚΗ,,ΠΕΥΚΗΣ,ΠΛΑΤΩΝΟΣ 1- ΠΕΥΚΗ,aopefki1@gmail.com,,epsa,,
ΠΛΑΤΩΝ,,ΑΚΑΔΗΜΙΑ ΠΛΑΤΩΝΟΣ,ΔΡΑΚΩΝΤΟΣ 13 Β,,,epsa,,
ΠΟΔΟΣΦΑΙΡΙΚΗ ΑΘΛΗΤΙΚΗ ΕΝΩΣΗ,,ΠΕΥΚΗΣ,Λ. ΔΗΜΟΚΡΑΤΙΑΣ,,,epsa,,
ΠΟΣΕΙΔΩΝΑΣ ΓΛΥΦΑΔΑΣ,,ΓΛΥΦΑΔΑΣ,ΠΑΝΑΓΟΥΛΗ 2,,,epsa,,
ΠΟΨ,,ΜΕΛΙΣΣΙΩΝ,ΡΗΓΑ ΦΕΡΑΙΟΥ 28,popsfc1926@gmail.com,,epsa,,
ΠΡΑΣΙΝΑ ΠΟΥΛΙΑ,,ΠΕΡΙΣΤΕΡΙΟΥ (ΧΩΡΑΦΑΣ),ΤΟΜΕΖΑ 11 ΠΕΡΙΣΤΕΡΙ,,,epsa,,
ΠΡΟΜΗΘΕΑΣ,,ΥΜΗΤΤΟΥ,ΟΛΥΜΠΙΑΣ 12 ΤΚ 17236 ΔΑΦΝΗ,,,epsa,,
ΡΟΥΦ,,ΡΟΥΦ,Λ. ΚΩΝ/ΛΕΩΣ & ΜΕΓ. ΒΑΣΙΛΕΙΟΥ,paorouffc@gmail.com,,epsa,,
ΣΑ ΚΟΛΛΕΓΙΩΝ ΑΘΗΝΩΝ & ΨΥΧΙΚΟΥ,,,,,,epsa,,
ΣΑΚΑ,,ΣΤΑΔΙΟ ΣΤΕΦΑΝΟΥ ΔΕΛΤΑ,,,,epsa,,
ΣΟΥΡΜΕΝΑ,,ΕΛΛΗΝΙΚΟΥ,,,,epsa,,
ΤΑΤΑΥΛΑ,,ΠΑΛ.ΦΑΛΗΡΟΥ (Σ.ΑΓΓΕΛΟΠΟΥΛΟΣ),ΜΕΓΑΛΗ ΤΟΥ ΓΕΝΟΥΣ ΣΧΟΛΗ 10,ao.tatavla@gmail.com,,epsa,,
ΤΕΡΨΙΘΕΑ,,ΤΕΡΨΙΘΕΑΣ,ΤΕΝΕΔΟΥ 1- ΓΛΥΦΑΔΑ,aoterpsitheas@yahoo.gr,,epsa,,
ΤΡΑΧΩΝΕΣ,,ΤΡΑΧΩΝΩΝ  ΑΛΙΜΟΥ Α΄,Λ.Ιωνίας & Ηρώος Μάτση,aotraxones@gmail.com,,epsa,,
ΤΡΙΦΥΛΛΙΑΚΟΣ,,ΧΑΛΑΝΔΡΙΟΥ,ΕΡΙΦΥΛΗΣ 17,,,epsa,,
ΥΜΗΤΤΟΣ,,ΥΜΗΤΤΟΥ,ΝΑΝΣΕΝ 19- ΥΜΗΤΤΟΣ,,,epsa,,
ΦΟΙΝΙΚΑΣ ΚΑΛΛΙΘΕΑΣ,,ΤΖΙΤΖΙΦΙΩΝ (ΠΑΡΑΛΙΑΣ),ΛΑΣΚΑΡΙΔΟΥ 45,,,epsa,,
ΦΟΙΝΙΚΑΣ ΠΕΡΙΣΤΕΡΙΟΥ,,ΠΕΡΙΣΤΕΡΙΟΥ (ΧΩΡΑΦΑΣ),ΠΕΥΚΩΝ (ΓΗΠΕΔΟ ΧΩΡΑΦΑΣ) 12137,,,epsa,,
ΦΩΣΤΗΡΑΣ ΑΘΗΝΩΝ,,ΤΑΥΡΟΥ Α΄(ΣΠ. ΓΙΑΛΑΜΠΙΔΗΣ),ΔΗΜΗΤΡΟΣ 56- ΤΑΥΡΟΣ,,,epsa,,
ΦΩΣΤΗΡΑΣ ΗΛΙΟΥΠΟΛΗΣ,,ΗΛΙΟΥΠΟΛΗΣ Β΄,ΑΡΧΙΜΗΔΟΥΣ 71 - ΗΛΙΟΥΠΟΛΗ,,,epsa,,
ΦΩΣΤΗΡΑΣ ΚΑΙΣ/ΝΗΣ,,ΝΗΑΡ. ΗΣΤ,ΟΔΕΜΗΣΙΟΥ 1,,,epsa,,
ΧΑΛΑΝΔΡΙ,,ΧΑΛΑΝΔΡΙΟΥ,Λ. ΠΕΝΤΕΛΗΣ 150 - ΧΑΛΑΝΔΡΙ,,,epsa,,
ΧΑΛΑΝΔΡΙ Β΄,,ΧΑΛΑΝΔΡΙΟΥ,,,,epsa,,
ΧΑΛΚΗΔΟΝΙΚΟΣ,,ΠΕΤΡΟΥΠΟΛΗΣ  Γ΄ (ΓΡΗΓΟΡΙΟΥ),ΓΡ. ΛΑΜΠΡΑΚΗ 4 - Ν. ΧΑΛΚΗΔΟΝΑ,chalkinonikos@hotmail.com,,epsa,,
ΧΑΡΑΥΓΙΑΚΟΣ,,ΗΛΙΟΥΠΟΛΗΣ Α΄,ΠΑΝΤΑΖΗ 1 - ΗΛΙΟΥΠΟΛΗ,,,epsa,,
ΧΑΪΔΑΡΙ,,ΧΑΪΔΑΡΙΟΥ (Τ.ΧΑΡΑΛΑΜΠΙΔΗΣ),ΙΕΡΑ ΟΔΟΣ 255 Β,info@aohaidariou.com,,epsa,,
ΧΑΪΔΑΡΙ Β΄,,ΧΑΪΔΑΡΙΟΥ (Τ.ΧΑΡΑΛΑΜΠΙΔΗΣ),,,,epsa,,
ΧΟΛΑΡΓΟΣ,,ΧΟΛΑΡΓΟΥ  Α΄,ΦΑΝΕΡΩΜΕΝΗΣ & ΖΑΚΥΝΘΟΥ 4,fcholargos@gmail.com,,epsa,,
ΧΡΥΣΟΥΠΟΛΗ,,ΧΡΥΣΟΥΠΟΛΗΣ,ΓΗΠΕΔΟ ΧΡΥΣΟΥΠΟΛΗ,info@fcchrisoupoli.gr,,epsa,,
Α.Α.Π. 28Β,,,,loumakisp@gmail.com,,epspeir,,
ΑΕ ΙΚΑΡΟΥ ΚΑΛΛΙΘΕΑΣ,,ΠΑΡΑΛΙΑ ΚΑΛΛΙΘΕΑΣ,"ΣΟΦΟΚΛΕΟΥΣ 204, ΚΑΛΛΙΘΕΑ",tavrossoccer@gmail.com,,epspeir,,
ΑΕ ΜΑΝΗΣ,,,,info@enosimaniaton.gr,,epspeir,,
ΑΕ ΜΑΥΡΟΣ ΑΕΤΟΣ-ΟΛΥΜΠΙΑΔΑ,,ΚΕΡΑΤΣΙΝΙΟΥ  «ΣΙΤΑΠΟΘΗΚΕΣ»,"ΣΗΣΤΟΥ 22, ΚΕΡΑΤΣΙΝΙ",aemaofc@gmail.com,,epspeir,,
ΑΕ ΜΟΣΧΑΤΟΥ,,ΜΟΣΧΑΤΟΥ,ΚΑΠΟΔΙΣΤΡΙΟΥ 15 & ΜΙΑΟΥΛΗ,moschato1926ae@gmail.com,,epspeir,,
ΑΕ ΝΙΚΑΙΑ,,ΝΙΚΑΙΑΣ - Π. ΝΙΚΟΛΑΪΔΗΣ,ΜΑΚΡΥΓΙΑΝΝΗ-ΓΗΠΕΔΟ Μ.ΜΕΡΚΟΥΡΗ,tsamourisakis@yahoo.gr,,epspeir,,
ΑΕ ΠΕΡΑΜΑΤΟΣ,,ΠΕΡΑΜΑΤΟΣ,"Λ.ΔΗΜΟΚΡΑΤΙΑΣ 164,ΠΕΡΑΜΑ",jpsomiadis54@gmail.com,,epspeir,,
ΑΕ ΣΑΡΩΝΙΚΟΣ ΑΙΓΙΝΑΣ,,ΑΙΓΙΝΑΣ,"ΓΥΜΝΑΣΤΗΡΙΟΥ 1, ΑΙΓΙΝΑ",sotirisbitros@gmail.com,,epspeir,,
ΑΕ ΧΑΡΑΥΓΗ ΑΣΤΕΡΑΣ,,ΚΕΡΑΤΣΙΝΙΟΥ  - ΝΙΚΟΣ ΓΟΔΑΣ,ΣΩΚΡΑΤΟΥΣ-ΠΛΑΤΕΙΑ ΠΟΝΤΟΥ,aexaravgiasteras@gmail.com,,epspeir,,
ΑΕ ΧΑΤΖΗΚΥΡΙΑΚΕΙΟΥ,,ΕΙΡΗΝΗΣ ΚΑΙ ΦΙΛΙΑΣ-ΣΕΦ,HΡΟΔΟΤΟΥ 96 ΑΓ. ΝΕΙΛΟΣ,,,epspeir,,
ΑΕΤΟΣ ΚΟΡΥΔΑΛΛΟΥ,,ΚΟΡΥΔΑΛΛΟΥ,ΝΙΚΗΦΟΡΙΔΗ(ΑΔΙΕΞΟΔΟ)ΚΟΡΥΔΑΛΛΟΣ,aetoskorydallou@gmail.com,,epspeir,,
ΑΘΗΝΑΪΚΗ ΑΓΙΟΥ ΔΗΜΗΤΡΙΟΥ,,,,nek.athinaiki@gmail.com,,epspeir,,
ΑΙΑΣ ΣΑΛΑΜΙΝΑΣ,,ΣΑΛΑΜΙΝΑΣ,"ΛΕΩΦ.ΦΑΝΕΡΩΜΕΝΗΣ 33, ΣΑΛΑΜΙΝΑ",assaias1931@gmail.com,,epspeir,,
ΑΜΠΕΛΑΚΙΑΚΟΣ,,ΑΜΠΕΛΑΚΙΩΝ,ΔΗΜ.ΓΗΠΕΔΟ ΑΜΠΕΛΑΚΙΩΝ,ampelakiakos1937@gmail.com,,epspeir,,
ΑΜΦΙΑΛΗ,,ΚΕΡΑΤΣΙΝΙΟΥ  «ΣΙΤΑΠΟΘΗΚΕΣ»,"ΡΟΥΜΕΛΗΣ 4, ΑΜΦΙΑΛΗ",enosiamfialis@gmail.com,,epspeir,,
ΑΜΦΙΑΛΗ Β,,,,,,epspeir,,
ΑΝΑΓΕΝΝΗΣΗ ΜΟΣΧΑΤΟΥ,,ΜΟΣΧΑΤΟΥ,"ΘΕΡΜΟΠΥΛΩΝ 38,ΜΟΣΧΑΤΟ",anagennisimoschatou@gmail.com,,epspeir,,
ΑΝΩ ΝΕΑΠΟΛΗ,,ΝΙΚΑΙΑΣ - Π. ΝΙΚΟΛΑΪΔΗΣ,Γ.ΣΚΑΡΙΜΠΑ 16,dia-kos@hotmail.gr,,epspeir,,
ΑΟ ΑΓΙΟΥ ΔΗΜΗΤΡΙΟΥ,,ΚΕΡΑΤΣΙΝΙΟΥ  - ΝΙΚΟΣ ΓΟΔΑΣ,"Π.ΜΑΥΡΟΜΙΧΑΛΗ 128,ΠΕΙΡΑΙΑΣ",aoad.fc@gmail.com,,epspeir,,
ΑΟ ΑΣΤΕΡΑΣ-ΠΟΛΥΚΡΑΤΗΣ,,ΜΟΣΧΑΤΟΥ,"ΜΙΑΟΥΛΗ 60, ΜΟΣΧΑΤΟ",,,epspeir,,
ΑΟ ΚΑΣΤΕΛΛΑΣ,,ΜΟΣΧΑΤΟΥ,ΑΛ.ΠΑΠΑΝΑΣΤΑΣΙΟΥ 36,aokastellas@hotmail.com,,epspeir,,
ΑΟ ΚΟΡΥΔΑΛΛΟΣ,,ΚΟΡΥΔΑΛΛΟΥ,"ΣΙΚΕΛΙΑΝΟΥ 6, ΚΟΡΥΔΑΛΛΟΣ",aokorydallos48@gmail.com,,epspeir,,
ΑΟ ΠΑΝΤΖΙΤΖΙΦΙΑΚΟΣ,,ΠΑΡΑΛΙΑ ΚΑΛΛΙΘΕΑΣ,"ΑΙΓΕΩΣ 64,ΚΑΛΛΙΘΕΑ",info@pantzitzifiakosfc.gr,,epspeir,,
ΑΟ ΠΕΙΡΑΙΑΣ,,ΡΕΝΤΗ - ΣΤΑΥΡΟΣ ΜΕΛΙΣΣΟΥΡΓΟΣ,"ΚΥΘΗΡΩΝ 41,ΚΑΜΙΝΙΑ",fcpiraeus@gmail.com,,epspeir,,
ΑΟ ΧΑΛΚΗΔΩΝ,,ΝΙΚΑΙΑΣ - Π. ΝΙΚΟΛΑΪΔΗΣ,"ΝΕΣΤΟΡΟΣ 6, ΝΙΚΑΙΑ",info@halkidonfc.gr,,epspeir,,
ΑΟ ΧΑΛΚΗΔΩΝ Β,,,,,,epspeir,,
ΑΟΚ ΦΑΛΗΡΟΥ,,ΠΑΡΑΛΙΑ ΚΑΛΛΙΘΕΑΣ,"ΞΕΝΟΦΩΝΤΟΣ 147, ΚΑΛΛΙΘΕΑ",fkeramydas@yahoo.gr,,epspeir,,
ΑΟΚ ΦΑΛΗΡΟΥ Β,,,,,,epspeir,,
ΑΟΝ ΡΕΝΤΙΑΚΟΣ,,ΡΕΝΤΗ - ΣΤΑΥΡΟΣ ΜΕΛΙΣΣΟΥΡΓΟΣ,ΑΡΤΕΜΙΔΟΣ 18,rentiakos2003@gmail.com,,epspeir,,
ΑΠΜΣ ΑΙΓΙΝΑ ΜΥΡΜΙΔΩΝ,,,,,,epspeir,,
ΑΠΟ ΚΕΡΑΤΣΙΝΙ,,ΓΗΠΕΔΟ ΚΕΡΑΤΣΙΝΙΟΥ ΠΑΝ ΣΑΛΠΕΑ,BYZANTIOY & ΚΟΛΟΚΟΤΡΩΝΗ,keratsinifc1926@gmail.com,,epspeir,,
ΑΠΣ ΝΕΟΙ ΟΛΥΜΠΙΑΚΟΥ ΚΕΡΑΤΣΙΝΙΟΥ,,ΚΕΡΑΤΣΙΝΙΟΥ  - ΝΙΚΟΣ ΓΟΔΑΣ,"ΜΟΥΔΑΝΙΩΝ 10-12, ΚΕΡΑΤΣΙΝΙ",olympiakoskeratsinioy@gmail.co,,epspeir,,
ΑΡΓΟΝΑΥΤΗΣ,,ΡΕΝΤΗ - ΣΤΑΥΡΟΣ ΜΕΛΙΣΣΟΥΡΓΟΣ,ΘΟΥΚΥΔΙΔΟΥ & ΣΑΛΑΜΙΝΟΜΑΧΩΝ 76,pantelis.lignos@gmail.com,,epspeir,,
ΑΡΗΣ ΑΜΦΙΑΛΗΣ,,ΚΕΡΑΤΣΙΝΙΟΥ  «ΣΙΤΑΠΟΘΗΚΕΣ»,"ΔΕΜΕΡΤΖΗ 30, ΚΕΡΑΤΣΙΝΙ",euthimiadou@gmail.com,,epspeir,,
ΑΣ ΔΡΑΠΕΤΣΩΝΑΣ,,ΔΡΑΠΕΤΣΩΝΑΣ «ΓΙΑΝΝΗΣ ΒΑΖΟΣ»,"ΜΙΧΑΛΗΝΟΥ 1,ΔΡΑΠΕΤΣΩΝΑ",drapetsonafc@gmail.com,,epspeir,,
ΑΣ ΠΟΝΤΙΩΝ,,ΔΡΑΠΕΤΣΩΝΑΣ «ΓΙΑΝΝΗΣ ΒΑΖΟΣ»,"ΜΙΧΑΛΗΝΟΥ 1,ΔΡΑΠΕΤΣΩΝΑ",aspontion@gmail.com,,epspeir,,
ΑΣΤΕΡΑΣ ΚΕΡΑΤΣΙΝΙΟΥ,,ΚΕΡΑΤΣΙΝΙΟΥ  - ΝΙΚΟΣ ΓΟΔΑΣ,ΠΛ. ΕΛΕΥΘΕΡΙΑΣ-ΧΑΡΑΥΓΗ,panagiwthsiwakeim1980@gmail.co,,epspeir,,
ΑΣΤΕΡΑΣ ΝΙΚΑΙΑΣ,,ΝΙΚΑΙΑΣ,"Π.ΡΑΛΛΗ 125, ΝΙΚΑΙΑ",asterasnikaiasfc@gmail.com,,epspeir,,
ΑΣΤΕΡΙΑ ΔΡΑΠΕΤΣΩΝΑΣ,,ΔΡΑΠΕΤΣΩΝΑΣ «ΓΙΑΝΝΗΣ ΒΑΖΟΣ»,"ΑΛΕΞ.ΠΑΝΑΓΟΥΛΗ 50,ΔΡΑΠΕΤΣΩΝΑ",taoux@yahoo.gr,,epspeir,,
ΑΣΧ ΠΟΣΕΙΔΩΝ,,ΕΙΡΗΝΗΣ ΚΑΙ ΦΙΛΙΑΣ-ΣΕΦ,ΜΑΡΙΑΣ ΧΑΤΖΗΚΥΡΙΑΚΟΥ 33,poseidonpeiraia2@gmail.com,,epspeir,,
ΑΤΡΟΜΗΤΟΣ ΠΕΙΡΑΙΑ,,ΡΕΝΤΗ - ΣΤΑΥΡΟΣ ΜΕΛΙΣΣΟΥΡΓΟΣ,"ΔΩΔΕΚΑΝΗΣΟΥ 59,ΚΑΜΙΝΙΑ",atromitospeiraia.1926@gmail.co,,epspeir,,
Γ.Σ. ΟΛΥΜΠΙΑΚΟΣ ΣΑΛΑΜΙΝΑΣ,,,,,,epspeir,,
ΔΑΦΝΗ ΤΑΜΠΟΥΡΙΩΝ,,ΚΕΡΑΤΣΙΝΙΟΥ  «ΣΙΤΑΠΟΘΗΚΕΣ»,"ΛΑΟΔΙΚΕΙΑΣ 151-153, ΝΙΚΑΙΑ",mgaitanios@yahoo.com,,epspeir,,
ΔΙΑΣ ΚΟΡΥΔΑΛΛΟΥ,,ΚΟΡΥΔΑΛΛΟΥ,"ΣΙΚΕΛΙΑΝΟΥ 6, ΚΟΡΥΔΑΛΛΟΣ",giorgosvyris@yahoo.gr,,epspeir,,
ΔΙΑΣ ΚΟΡΥΔΑΛΛΟΥ Β,,,,,,epspeir,,
ΔΟΞΑ ΠΕΙΡΑΙΑ,,ΝΙΚΑΙΑΣ,"ΠΕΡΙΣΤΑΣΕΩΣ 23, ΝΙΚΑΙΑ",,,epspeir,,
Ε.Π.Ο.ΣΑΛΑΜΙΝΟΜΑΧΩΝ,,ΑΜΠΕΛΑΚΙΩΝ,ΓΗΠΕΔΟ ΑΜΠΕΛΑΚΙΩΝ,taxiarhis1016.vattis@gmail.com,,epspeir,,
ΕΘΝΙΚΟΣ ΟΦΠΦ,,ΣΤΑΔΙΟ ΚΑΛΛΙΘΕΑΣ ΓΡ.ΛΑΜΠΡΑΚΗΣ,ΑΚΤΗ ΔΗΛΑΒΕΡΗ 1Α,ethnikosofpf1923@gmail.com,,epspeir,,
ΕΘΝΙΚΟΣ ΟΦΠΦ Β,,,,,,epspeir,,
ΕΛΛΑΣ ΠΟΝΤΙΩΝ,,ΟΡΥΖΟΜΥΛΩΝ –ΑΙΓΑΛΕΩ,"ΟΡΥΖΟΜΥΛΩΝ 14, ΑΙΓΑΛΕΩ",ellaspontion@hotmail.com,,epspeir,,
ΕΝΩΣΗ Α.Α. ΡΕΝΤΗ,,ΡΕΝΤΗ - ΣΤΑΥΡΟΣ ΜΕΛΙΣΣΟΥΡΓΟΣ,ΑΡΤΕΜΙΔΟΣ 18,johnstamas@hotmail.com,,epspeir,,
ΕΝΩΣΗ Α.Α. ΡΕΝΤΗ Β,,,,,,epspeir,,
ΕΡΜΗΣ ΚΟΡΥΔΑΛΛΟΥ,,ΚΟΡΥΔΑΛΛΟΥ,"ΣΙΚΕΛΙΑΝΟΥ 6, ΚΟΡΥΔΑΛΛΟΣ",apotsiriotakis@gmail.com,,epspeir,,
ΕΡΜΗΣ ΚΟΡΥΔΑΛΛΟΥ Β,,,,,,epspeir,,
ΗΡΑΚΛΗΣ ΝΙΚΑΙΑΣ,,ΝΙΚΑΙΑΣ - Π. ΝΙΚΟΛΑΪΔΗΣ,ΠΑΠΑΔΙΑΜΑΝΤΗ 33 & Δ.ΚΟΥΜΠΑΚΗ,iraklisnikaiasfc@gmail.com,,epspeir,,
ΗΦΑΙΣΤΟΣ,,ΡΕΝΤΗ - ΣΤΑΥΡΟΣ ΜΕΛΙΣΣΟΥΡΓΟΣ,ΑΓΙΑΣ ΑΝΝΗΣ & 28ης ΟΚΤΩΒΡΙΟΥ,gkolfisnikos7318@gmail.com,,epspeir,,
ΘΗΣΕΑΣ,,ΚΕΡΑΤΣΙΝΙΟΥ  - ΝΙΚΟΣ ΓΟΔΑΣ,"ΣΠΑΡΤΗΣ 173,ΠΕΙΡΑΙΑΣ",fcthiseas@gmail.com,,epspeir,,
ΘΥΕΛΛΑ ΜΟΣΧΑΤΟΥ,,ΜΟΣΧΑΤΟΥ,ΚΑΠΟΔΙΣΤΡΙΟΥ 15 & ΜΙΑΟΥΛΗ,t.nomikos@gmail.com,,epspeir,,
ΙΩΝΙΚΟΣ ΝΙΚΑΙΑΣ,,ΝΕΑΠΟΛΗΣ,"Π.ΡΑΛΛΗ 133, ΝΙΚΑΙΑ",info@ionikosfc.gr,,epspeir,,
ΚΑΡΑΒΑΣ,,ΡΕΝΤΗ - ΣΤΑΥΡΟΣ ΜΕΛΙΣΣΟΥΡΓΟΣ,"ΚΟΡΥΤΣΑΣ ΚΑΙ ΚΩΠΑΪΔΟΣ,ΚΟΚΚΙΝΙΑ",aokaravas1927@gmail.com,,epspeir,,
ΛΕΟΝΤΕΣ ΚΑΜΙΝΙΩΝ,,ΡΕΝΤΗ - ΣΤΑΥΡΟΣ ΜΕΛΙΣΣΟΥΡΓΟΣ,ΘΗΡΑΣ 79 - ΚΑΜΙΝΙΑ,iliasgiannis67@gmail.com,,epspeir,,
ΝΕΟ ΙΚΟΝΙΟ,,ΠΕΡΑΜΑΤΟΣ,28ΗΣ ΟΚΤΩΒΡΙΟΥ 14-ΠΕΡΑΜΑ,aoneoikonio2004@gmail.com,,epspeir,,
ΝΕΟ ΙΚΟΝΙΟ Β,,,,,,epspeir,,
ΝΕΟΙ ΔΡΑΠΕΤΣΩΝΑΣ,,ΔΡΑΠΕΤΣΩΝΑΣ «ΓΙΑΝΝΗΣ ΒΑΖΟΣ»,"ΜΙΧΑΛΗΝΟΥ 1, ΔΡΑΠΕΤΣΩΝΑ",taoux@yahoo.gr,,epspeir,,
ΝΕΟΙ ΕΥΓΕΝΕΙΑΣ,,ΚΕΡΑΤΣΙΝΙΟΥ  - ΝΙΚΟΣ ΓΟΔΑΣ,"ΤΡΑΠΕΖΟΥΝΤΟΣ 36,ΕΥΓΕΝΕΙΑ",neoi1937@gmail.com,,epspeir,,
ΝΙΚΗ ΡΕΝΤΗ,,ΡΕΝΤΗ - ΣΤΑΥΡΟΣ ΜΕΛΙΣΣΟΥΡΓΟΣ,ΑΡΤΕΜΙΔΟΣ 18,nikirenti1972@gmail.com,,epspeir,,
ΟΔΥΣΣΕΑΣ ΜΟΣΧΑΤΟΥ WFC,,ΜΟΣΧΑΤΟΥ,,info@ergopapa.gr,,epspeir,,
ΟΛΥΜΠΙΑΚΟΣ ΣΦΠ,,ΓΕΩΡΓΙΟΣ ΚΑΡΑΪΣΚΑΚΗΣ,"ΠΛ.ΑΛΕΞΑΝΔΡΑΣ,ΠΕΙΡΑΙΑΣ",footballdpt@olympiacos.org,,epspeir,,
ΠΑΝΙΩΝΙΟΣ ΚΕΡΑΤΣΙΝΙΟΥ,,ΚΕΡΑΤΣΙΝΙΟΥ  «ΣΙΤΑΠΟΘΗΚΕΣ»,"ΘΥΜ.ΚΑΤΟΧΗΣ 59, ΚΕΡΑΤΣΙΝΙ",giwrgospapale@hotmail.com,,epspeir,,
ΠΑΝΝΕΑΠΟΛΙΚΟΣ,,ΝΙΚΑΙΑΣ - Π. ΝΙΚΟΛΑΪΔΗΣ,ΚΑΡΑΟΛΗ & ΔΗΜΗΤΡΙΟΥ 173,anastasiostsilis@yahoo.gr,,epspeir,,
ΠΑΝΤΖΙΤΖΙΦΙΑΚΟΣ Β,,,,,,epspeir,,
ΠΑΝΦΑΛΗΡΙΚΟΣ,,ΕΙΡΗΝΗΣ ΚΑΙ ΦΙΛΙΑΣ-ΣΕΦ,"ΕΙΡΗΝΗΣ 15,ΝΕΟ ΦΑΛΗΡΟ",faidontsiknakos@gmail.com,,epspeir,,
ΠΕΙΡΑΙΚΟΣ,,ΕΙΡΗΝΗΣ ΚΑΙ ΦΙΛΙΑΣ-ΣΕΦ,ΕΘΝ.ΜΑΚΑΡΙΟΥ ΣΕΦ,peiraikos26@gmail.com,,epspeir,,
ΠΗΓΑΣΟΣ ΑΓΙΟΥ ΔΙΟΝΥΣΙΟΥ,,ΚΕΡΑΤΣΙΝΙΟΥ  - ΝΙΚΟΣ ΓΟΔΑΣ,"ΣΠΑΡΤΗΣ 130, ΠΕΙΡΑΙΑΣ",apspigasos2012@gmail.com,,epspeir,,
ΠΡΟΜΗΘΕΑΣ,,ΡΕΝΤΗ - ΣΤΑΥΡΟΣ ΜΕΛΙΣΣΟΥΡΓΟΣ,"ΘΕΑΤΡΟΥ 111-113,ΠΕΙΡΑΙΑΣ",kofere66@gmail.com,,epspeir,,
ΠΡΟΟΔΕΥΤΙΚΗ,,ΝΙΚΑΙΑΣ,"ΡΗΓΑ ΦΕΡΑΙΟΥ 24, ΚΟΡΥΔΑΛΛΟΣ",proodeftiki2023@yahoo.com,,epspeir,,
ΠΡΟΦΗΤΗΣ ΗΛΙΑΣ,,ΕΙΡΗΝΗΣ ΚΑΙ ΦΙΛΙΑΣ-ΣΕΦ,ΧΑΝΙΩΝ 1-ΔΗΜ.ΓΥΜΝ.ΠΡ.ΗΛΙΑ,alexis_aopi@yahoo.gr,,epspeir,,
ΠΥΘΑΓΟΡΑΣ,,ΠΕΡΑΜΑΤΟΣ,ΑΡΜΟΣ-ΠΕΡΑΜΑΤΟΣ,pythagorasperamatos@gmail.com,,epspeir,,
ΦΑΛΗΡΙΚΟΣ,,ΝΙΚΑΙΑΣ - Π. ΝΙΚΟΛΑΪΔΗΣ,"ΑΚΡΟΠΟΛΕΩΣ 2, ΝΙΚΑΙΑ",alexdikigo@gmail.com,,epspeir,,
ΦΙΛΑΘΛΟΙ,,ΔΡΑΠΕΤΣΩΝΑΣ «ΓΙΑΝΝΗΣ ΒΑΖΟΣ»,"ΙΩΑΚΕΙΜ 3, ΚΑΛΛΙΠΟΛΗ",filathloi2023@gmail.com,,epspeir,,
ΦΟΙΝΙΚΑΣ ΑΓΙΑΣ ΣΟΦΙΑΣ,,ΔΡΑΠΕΤΣΩΝΑΣ «ΓΙΑΝΝΗΣ ΒΑΖΟΣ»,ΚΑΛΛΕΡΓΗ & ΛΑΚΩΝΙΑΣ 29,antonioss1973@gmail.com,,epspeir,,
ΑΠΣ ΔΟΞΑ ΑΓ.ΑΝΝΑΣ,,Αγίας Άννας,,,ΛΕ34,epsana,,
Α.Ο ΦΟΙΒΟΣ ΒΑΡΗΣ,,Βούλας,,,ΦΓ51,epsana,,
Α.Π.Ο ΝΙΚΗΦΟΡΟΣ,,Κουβαρά,,,ΧΤ80,epsana,,
ΑΓΣΑ ΘΗΣΕΑΣ ΝΕΑΣ  ΜΑΚΡΗΣ,,Αγίας Μαρίνας,,,ΧΤ92,epsana,,
ΑΕ ΔΟΞΑ ΚΟΡΩΠΙΟΥ,,Κορωπίου Αντώνης Πρίφτης,,,ΛΖ15,epsana,,
ΑΕ ΜΕΝΙΔΙΟΥ,,Κάτω Αχαρνών,,,ΜΙ41,epsana,,
ΑΕ ΠΙΚΕΡΜΙΟΥ,,Διώνης,,,ΧΥ03,epsana,,
ΑΕ ΠΟΡΤΟ ΡΑΦΤΗ,,,,,ΞΩ38,epsana,,
ΑΗΤΤΗΤΟΣ ΣΠΑΤΩΝ,,Σπάτων Δημήτρης Δημητρίου,,,ΜΙ76,epsana,,
ΑΘΛΗΤΙΚΟΣ ΟΜΙΛΟΣ ΖΩΗ,,,,,ΧΘ65,epsana,,
ΑΝΟΙΞΗ,,Άνοιξης Γ.Κυριάκης,,,ΜΙ49,epsana,,
ΑΟ ΑΡΤΕΜΙΣ,,Σπάτων Δημήτρης Δημητρίου,,,ΙΝ76,epsana,,
ΑΟ ΑΤΛΑΝΤΙΣ,,Γέρακα,,,ΟΓ03,epsana,,
ΑΟ ΑΤΡΟΜΗΤΟΣ ΔΡΟΣΙΑΣ,,,,,ΧΤ79,epsana,,
ΑΟ ΑΥΛΩΝΟΣ 1958,,Αυλώνα,,,ΧΝ35,epsana,,
ΑΟ ΚΕΡΑΤΕΑΣ,,Κερατέας,,,ΧΣ78,epsana,,
ΑΟ ΚΟΡΩΠΙ,,Κορωπίου Αντώνης Πρίφτης,,,ΧΟ79,epsana,,
ΑΟ ΚΟΥΒΑΡΑ,,Κουβαρά,,,ΜΚ03,epsana,,
ΑΟ ΠΑΙΑΝΙΑΣ,,ΔΑΚ Παιανίας,,,ΦΤ93,epsana,,
ΑΟ ΣΥΚΑΜΙΝΟΥ,,Συκαμίνου,,,ΦΚ92,epsana,,
ΑΟ ΦΟΙΝΙΚΑΣ ΠΙΚΕΡΜΙΟΥ,,,,,,epsana,,
ΑΠΕ ΛΑΥΡΕΩΤΙΚΗ,,Λαυρίου Γιώργος Ραφιάς,,,ΙΤ48,epsana,,
ΑΠΕΣ ΚΑΠΑΝΔΡΙΤΙΟΥ ΠΟΛΥΔΕΝΔΡΙΟΥ,,Καπανδριτίου,,,ΜΙ97,epsana,,
ΑΠΣ ΟΛΥΜΠΙΑΚΟΣ ΒΑΡΗΣ,,,,,ΦΨ09,epsana,,
ΑΡΗΣ ΒΟΥΛΑΣ,,Βούλας,,,ΙΖ01,epsana,,
ΑΡΗΣ ΒΟΥΛΑΣ Β,,,,,,epsana,,
ΑΣ ΑΣΤΕΡΑΣ Γ. ΝΕΡΩΝ,,Γλυκών Νερών (πλαστικό),,,ΦΖ90,epsana,,
ΑΣ ΟΛΥΜΠΙΑΔΑ ΥΜΗΤΤΟΥ,,,,,ΞΜ26,epsana,,
ΑΣΕ ΚΩΣΤΕΑ ΓΕΙΤΟΝΑ,,Pallini Αrena,,,ΦΝ19,epsana,,
ΑΧΑΡΝΑΙΚΟΣ,,Αγίας Άννας,,,ΙΗ09,epsana,,
ΑΧΑΡΝΑΙΚΟΣ Β,,Δημοτικό Αχαρνών,,,,epsana,,
ΑΧΙΛΛΕΥΣ Κ.ΑΧΑΡΝΩΝ,,Κάτω Αχαρνών,,,ΞΒ58,epsana,,
ΒΟΡΕΙΟΙ ΒΟΥΛΑΣ,,,,,ΦΡ90,epsana,,
ΒΟΥΛΙΑΓΜΕΝΗ,,Βουλιαγμένης,,,ΚΞ21,epsana,,
ΓΕΡΑΚΑ ΑΕ ΟΦ ΠΑΝ/ΚΟΥ,,Γέρακα,,,ΧΝ27,epsana,,
ΓΙΑΝΝΗΣ ΠΑΘΙΑΚΑΚΗΣ,,Αγίου Στεφάνου,,,ΦΖ93,epsana,,
ΓΛΥΚΩΝ ΝΕΡΩΝ ΑΟ,,Γλυκών Νερών,,,ΜΙ85,epsana,,
ΔΙΕΘΝΗΣ ΑΚΑΔΗΜΙΑ 3Β,,,,,ΧΤ21,epsana,,
ΔΙΟΝΥΣΟΣ ΑΤΤΙΚΗΣ,,Διονύσου,,,ΙΞ69,epsana,,
ΔΟΞΑ ΑΝΟΙΞΗΣ,,Αγίου Στεφάνου,,,ΧΑ81,epsana,,
ΕΘΝΙΚΟΣ ΝΕΑΣ ΜΑΚΡΗΣ,,Νέας Μάκρης,,,ΧΛ60,epsana,,
ΕΘΝΙΚΟΣ ΠΑΛΛΗΝΗΣ,,Νέων Παλατίων,,,,epsana,,
ΘΥΕΛΛΑ ΑΠΟ ΡΑΦΗΝΑΣ,,Ραφήνας,,,ΜΙ94,epsana,,
ΘΥΕΛΛΑ ΑΠΟ ΡΑΦΗΝΑΣ Β,,,,,,epsana,,
ΙΠΠΕΙΣ ΑΧΑΡΝΩΝ,,,,,ΧΩ35,epsana,,
ΚΙΝΗΣΗ ΚΑΙ ΣΥΝΕΡΓΑΣΙΑ,,,,,,epsana,,
ΚΟΣΜΟΣ Β. ΠΡΟΑΣΤΙΩΝ,,Ανθούσας,,,ΧΝ07,epsana,,
ΚΡΥΟΝΕΡΙΟΥ ΑΠΟ,,Κρυονερίου,,,ΚΡ42,epsana,,
ΚΥΑΝΟΥΣ Α ΒΑΡΗΣ Β,,,,,,epsana,,
ΚΥΑΝΟΥΣ ΑΣΤΗΡ ΒΑΡΗΣ,,Βάρης,,,ΜΚ04,epsana,,
ΛΕΟΝΤΙΚΟΣ (ΓΥΝ),,,,,XP23,epsana,,
ΜΑΡΚΟ,,Μαρκόπουλου,,,ΙΠ98,epsana,,
ΜΑΧΗ ΜΑΡΑΘΩΝΑ,,Μαραθώνα,,,ΙΟ71,epsana,,
ΝΕΕΣ ΑΤΡΟΜΗΤΟΥ 2018,,,,,ΧΡ16,epsana,,
ΝΕΟΙ ΟΡΙΖΟΝΤΕΣ,,,,,,epsana,,
ΝΙΚΗ ΔΡΟΣΙΑΣ,,Δροσιάς,,,ΚΡ49,epsana,,
ΝΙΚΗΤΕΣ ΑΝΘΟΥΣΑΣ,,Ανθούσας,,,ΜΙ77,epsana,,
ΟΛΥΜΠΙΑΚΟΣ ΑΓ.ΣΤΕΦΑΝΟΥ,,Αγίου Στεφάνου,,,ΜΙ63,epsana,,
ΟΛΥΜΠΙΑΚΟΣ ΛΑΥΡΙΟΥ,,Λαυρίου Γιώργος Ραφιάς,,,ΜΙ64,epsana,,
ΠΑΙΑΝΙΑΚΟΣ ΑΣ,,,,,ΧΙ10,epsana,,
ΠΑΛΛΑΥΡΕΩΤΙΚΟΣ,,Λαυρίου Π.Βογιατζής,,,ΜΚ11,epsana,,
ΠΑΛΛΗΝΙΑΚΟΣ,,ΑΚ Παλλήνης,,,ΜΙ65,epsana,,
ΠΑΜΠΑΙΑΝΙΚΟΣ,,ΔΑΚ Παιανίας,,,ΜΙ42,epsana,,
ΠΑΝΒΟΡΕΙΑΚΟΣ ΑΣ,,Σταμάτας,,,ΨΑ16,epsana,,
ΠΑΟ ΚΑΛΑΜΟΥ ΠΑΟΚ,,,,,ΧΧ63,epsana,,
ΠΑΟ ΚΑΛΥΒΙΩΝ,,Καλυβίων,,,ΜΙ96,epsana,,
ΠΑΣ ΩΡΩΠΟΣ,,Νέων Παλατίων,,,ΙΙ45,epsana,,
ΠΡΩΤΕΥΣ Π.ΦΩΚΑΙΑΣ,,Παλαιάς Φώκαιας,,,ΜΚ18,epsana,,
ΡΕΠΟ,,,,,,epsana,,
ΣΑΡΩΝΙΚΟΣ ΑΝΑΒΥΣΣΟΥ,,Αναβύσσου,,,ΜΙ68,epsana,,
ΣΤΑΜΑΤΑΣ ΑΟ,,Σταμάτας,,,ΜΙ69,epsana,,
ΤΑ ΓΕΡΑΚΙΑ,,Κουβαρά,,,ΨΒ61,epsana,,
ΤΡΙΓΛΙΑΣ ΡΑΦΗΝΑΣ ΑΟ,,Ραφήνας,,,ΜΙ45,epsana,,
ΦΟΙΒΟΣ ΒΑΡΗΣ Β,,,,,,epsana,,
Α.Ο. ΑΣΠΡΟΠΥΡΓΟΣ,,ΔΗΜΟΤΙΚΟ ΣΤΑΔΙΟ ΑΣΠΡΟΠΥΡΓΟΥ,,,,epsda,,
Α.Ο. ΑΤΡΟΜΗΤΟΣ ΕΛΕΥΣΙΝΑΣ,,ΓΕΩΡΓΙΟΣ ΡΟΥΜΕΛΙΩΤΗΣ,,,,epsda,,
Α.Ο. ΜΙΜΑΣ ΜΙΚΡΑΣΙΑΤΙΚΗ,,ΔΗΜΟΤΙΚΟ ΜΕΓΑΡΩΝ (ΒΥΖΑ),,,,epsda,,
Α.Ο.ΠΑΡΝΗΘΑΣ,,,,,,epsda,,
Α.Π.Ο. ΟΜΟΝΟΙΑ ΑΝΩ ΛΙΟΣΙΩΝ,,,,,,epsda,,
Α.Π.Σ ΙΚΑΡΟΣ,,,,,,epsda,,
ΑΓ. ΑΝΑΡΓΥΡΟΙ,,,,,,epsda,,
ΑΙΑΣ ΠΑΡΑΛΙΑΣ ΑΣΠΡ.,,ΠΑΡΑΛΙΑΣ ΑΣΠΡΟΠΥΡΓΟΥ,,,,epsda,,
ΑΚΡΑΤΗΤΟΣ,,ΔΗΜΟΤΙΚΟ ΣΤΑΔΙΟ ΑΚΡΑΤΗΤΟΥ,,,,epsda,,
ΑΝΩ ΛΙΟΣΙΩΝ Δ.Α.Σ.,,,,,,epsda,,
ΑΟ ΕΛΕΥΣΙΝΑΣ,,,,,,epsda,,
ΑΟ ΠΗΓΑΣΟΣ ΘΡΙΑΣΙΟΥ,,,,,,epsda,,
ΑΠΟΛΛΩΝ Α. ΛΙΟΣΙΩΝ,,,,,,epsda,,
ΑΠΟΛΛΩΝ ΠΟΝΤΙΩΝ ΑΠΟ,,,,,,epsda,,
ΑΠΣ Ο ΛΕΩΝ,,,,,,epsda,,
ΑΡΓΩ ΜΕΓΑΡΩΝ,,,,,,epsda,,
ΑΣ ΔΥΝΑΜΗ ΑΣΠΡΟΠΥΡΓΟΥ,,,,,,epsda,,
ΑΣ ΕΥΚΛΕΙΔΗΣ,,,,,,epsda,,
ΑΣ ΠΥΡΡΙΧΙΟΣ ΑΣΠ/ΡΓΟ,,ΓΚΟΡΥΤΣΑΣ,,,,epsda,,
ΑΣ ΣΕΠΟΛΙΑΚΟΣ ΠΑΡΝΗΘ,,,,,,epsda,,
ΑΣΑ Ν.ΠΕΡΑΜ.ΑΤΤΑΛΟΣ,,,,,,epsda,,
ΑΣΤΕΡΑΣ ΑΝΩ ΛΙΟΣΙΩΝ,,,,,,epsda,,
ΑΣΤΕΡΑΣ ΜΑΓΟΥΛΑΣ,,ΜΑΓΟΥΛΑΣ,,,,epsda,,
ΒΥΖΑΣ,,,,,,epsda,,
Δ.Α.Ο ΖΩΦΡΙΑΣ,,,,,,epsda,,
ΔΑΣ ΑΝΩ ΛΙΟΣΙΩΝ ΑΤΤ,,,,,,epsda,,
ΕΘΝΙΚΟΣ ΠΑΝΟΡΑΜΑΤΟΣ,,,,,,epsda,,
ΕΙΔΥΛΛΙΑΚΟΣ,,,,,,epsda,,
ΕΛΠΙΔΑ ΑΣΠΡΟΠΥΡΓΟΥ,,,,,,epsda,,
ΕΡΜΗΣ ΑΝΩ ΛΙΟΣΙΩΝ,,,,,,epsda,,
ΖΕΦΥΡΙΟΥ ΑΕ ΑΤΤΙΚΗΣ,,,,,,epsda,,
ΗΡΑΚΛΗΣ ΕΛΕΥΣΙΝΑΣ,,,,,,epsda,,
ΘΡΑΣΥΒΟΥΛΟΣ ΦΥΛΗΣ,,,,,,epsda,,
ΚΡΙΟΣ ΑΣΠΡΟΠΥΡΓΟΥ,,,,,,epsda,,
ΛΑΜΠΕΡΗ ΑΣ ΕΛΕΥΣΙΝΑΣ,,,,,,epsda,,
ΛΥΚΟΙ ΔΥΤΙΚΗΣ ΑΤΤΙΚΗΣ,,,,,,epsda,,
ΜΑΝΔΡΑΙΚΟΣ,,,,,,epsda,,
ΜΑΝΔΡΑΙΚΟΣ BLUE,,,,,,epsda,,
ΜΑΝΔΡΑΙΚΟΣ WHITE,,,,,,epsda,,
ΜΕΓΑΡΙΚΟΣ,,,,,,epsda,,
ΝΕΑΣ ΠΕΡΑΜΟΥ ΑΓΣ,,,,,,epsda,,
ΟΛΥΜΠΙΑΚΟΣ ΑΝΩ ΛΙΟΣΙΩΝ,,,,,,epsda,,
ΠΑΝΕΛΕΥΣΙΝΙΑΚΗ ΕΝΩΣΗ,,,,,,epsda,,
ΠΑΝΕΛΕΥΣΙΝΙΑΚΟΣ,,,,,,epsda,,
ΠΑΝΕΛΕΥΣΙΝΙΑΚΟΣ BLUE,,,,,,epsda,,
ΠΑΝΕΛΕΥΣΙΝΙΑΚΟΣ WHITE,,,,,,epsda,,
ΠΑΝΛΙΟΣΙΑΚΟΣ Α.Ο.,,,,,,epsda,,
ΠΑΟ ΚΟΥΝΤΟΥΡΩΝ ΜΑΝΔΡΑΣ,,,,,,epsda,,
ΠΑΟ ΦΥΛΗΣ,,,,,,epsda,,
ΠΑΣ ΕΛΕΥΣΙΝΙΑΚΟΣ 2004,,,,,,epsda,,
ΣΚΟΡΠΙΟΣ ΦΥΛΗΣ,,,,,,epsda,,
