title,content,address,lat,lng,surface,capacity,length_m,width_m,has_changing_rooms,has_lighting,has_stands,union,osm_id,aed_status,aed_checked_on,photo_url
ORION ΓΛΥΦΑΔΑΣ,,ΑΝΘΕΩΝ 2 & ΔΗΜΕΛΑ ΓΛΥΦΑΔΑ,,,artificial_turf,100,64,42,yes,yes,yes,epsa,,,,
ΑΓ.ΑΝΑΡΓΥΡΩΝ,,ΔΗΜΟΚΡΑΤΙΑΣ & ΣΠ.ΛΟΥΗ,,,artificial_turf,3000,94,60,yes,yes,yes,epsa,,,,
ΑΓ.ΒΑΡΒΑΡΑΣ,,ΦΛΕΜΙΝΓΚ 22  ΑΓ. ΒΑΡΒΑΡΑ,,,artificial_turf,500,90,64,yes,no,yes,epsa,,,,
ΑΓ.ΔΗΜΗΤΡΙΟΥ,,ΑΓ.ΔΗΜΗΤΡΙΟΥ 321 κ΄ΘΕΟΜΗΤΟΡΟΣ 72 ΑΓ.ΔΗΜΗΤΡΙΟΣ,,,grass,2150,102,64,yes,yes,yes,epsa,,,,
ΑΓ.ΠΑΡΑΣΚΕΥΗΣ,,ΑΙΓΑΙΟΥ ΠΕΛΑΓΟΥΣ & ΤΕΡΜΑ ΝΟΤΟΥ ΑΓ.ΠΑΡΑΣΚΕΥΗ,,,grass,2000,104,68,yes,yes,yes,epsa,,,,
ΑΓ.ΠΑΡΑΣΚΕΥΗΣ (ΣΤ.ΚΩΤΣΗΣ),,ΓΡΑΒΙΑΣ & ΣΠΑΡΤΗΣ 1 ΑΓ.ΠΑΡΑΣΚΕΥΗ,,,artificial_turf,100,75,46,yes,yes,yes,epsa,,,,
ΑΙΓΑΛΕΩ (ΕΔΕΣΣΗΣ),,ΕΔΕΣΣΗΣ 90 ΑΙΓΑΛΕΩ,,,artificial_turf,50,95,50,yes,yes,yes,epsa,,,,
ΑΙΓΑΛΕΩ (ΟΡΥΖΟΜΥΛΩΝ),,ΟΡΥΖΟΜΥΛΩΝ & ΛΥΚΑΒΗΤΟΥ,,,artificial_turf,300,100,55,yes,yes,yes,epsa,,,,
ΑΙΓΑΛΕΩ (ΣΤ.ΜΑΥΡΟΘΑΛΑΣΣΙΤΗΣ),,ΘΗΒΩΝ ΑΙΓΑΛΕΩ,,,grass,,102,70,yes,yes,yes,epsa,,,,
ΑΙΓΑΛΕΩ Δ.Α.Κ.,,ΣΟΥΛΙΟΥ & ΣΙΦΝΟΥ,,,artificial_turf,300,96,66,yes,yes,yes,epsa,,,,
ΑΚΑΔΗΜΙΑ ΠΛΑΤΩΝΟΣ,,ΤΕΡΜΑ ΟΔΟΥ ΠΛΑΤΩΝΟΣ,,,artificial_turf,150,90,46,yes,yes,yes,epsa,,,,
ΑΛΜΑ ΑΛΙΜΟΥ,,ΑΛΙΜΟΣ,,,artificial_turf,,,,no,no,no,epsa,,,,
ΑΠΟΛΛΩΝΑ ΣΜΥΡΝΗΣ (Γ.ΚΑΜΑΡΑΣ),,Λ.ΙΩΝΙΑΣ & ΑΜΑΣΙΟΥ  ΡΙΖΟΥΠΟΛΗ,,,grass,10000,105,68,yes,yes,yes,epsa,,,,
ΑΠΟΣΤΟΛΟΣ ΝΙΚΟΛΑΪΔΗΣ,,,,,grass,,,,no,no,no,epsa,,,,
ΑΡΓΥΡΟΥΠΟΛΗΣ Α΄ (Γ.ΚΟΣΙΚΙΔΗΣ),,ΛΕΩΦ.ΚΥΠΡΟΥ 196 & ΤΡΙΠΟΛΕΩΣ ΑΡΓΥΡΟΥΠΟΛΗ,,,artificial_turf,5000,105,68,yes,yes,yes,epsa,,,,
ΑΡΓΥΡΟΥΠΟΛΗΣ Β΄,,ΑΡΓΥΡΟΥΠΟΛΕΩΣ 92 & ΟΛΥΜΠΙΑΣ  ΑΡΓΥΡΟΥΠΟΛΗ,,,artificial_turf,700,105,65,yes,yes,yes,epsa,,,,
ΒΡΙΛΗΣΣΙΩΝ,,ΚΙΣΣΑΒΟΥ & ΟΛΥΜΠΙΟΝΙΚΩΝ,,,artificial_turf,300,97,50,yes,yes,yes,epsa,,,,
ΒΥΡΩΝΑ ΔΗΜΟΤΙΚΟ ΣΤΑΔΙΟ,,ΑΡΧΙΕΠΙΣΚΟΠΟΥ ΧΡΥΣΟΣΤΟΜΟΥ 15 ΒΥΡΩΝΑΣ,,,grass,3700,102,70,yes,yes,yes,epsa,,,,
ΒΥΡΩΝΑ ΕΡΓΑΝΗ (Δ. ΝΙΚΟΛΑΪΔΗΣ),,ΘΕΑΤΡΟ ΒΡΑΧΩΝ,,,artificial_turf,300,96,60,yes,yes,yes,epsa,,,,
ΓΑΛΑΤΣΙΟΥ,,ΒΕΪΚΟΥ (ΑΛΣΟΣ ΒΕΪΚΟΥ),,,artificial_turf,2000,92,64,yes,yes,yes,epsa,,,,
ΓΛΥΦΑΔΑΣ,,ΠΑΝΑΓΟΥΛΗ 3 ΓΛΥΦΑΔΑ,,,artificial_turf,400,105,65,yes,yes,yes,epsa,,,,
ΓΟΥΔΗ,,ΠΑΡΚΟ ΓΟΥΔΗ,,,artificial_turf,300,96,68,yes,yes,yes,epsa,,,,
ΔΗΜΟΤΙΚΟ ΣΤΑΔΙΟ ΚΑΛΛΙΘΕΑΣ,,ΚΑΛΛΙΘΕΑ,,,grass,,,,no,no,no,epsa,,,,
ΔΗΜΟΤΙΚΟ ΣΤΑΔΙΟ ΠΕΡΙΣΤΕΡΙΟΥ,,ΠΕΡΙΣΤΕΡΙ,,,grass,,,,no,no,no,epsa,,,,
ΕΛΛΗΝΙΚΟΥ,,25ης κ ΑΓ.ΤΡΙΑΔΑΣ ΕΛΛΗΝΙΚΟ,,,artificial_turf,500,101,65,yes,yes,yes,epsa,,,,
ΕΛΠΙΔΟΦΟΡΟΥ,,ΕΡΥΜΑΝΘΟΥ & ΚΗΦΙΣΟΥ 51 ΚΗΦΙΣΙΑ,,,artificial_turf,50,86,56,yes,yes,yes,epsa,,,,
ΖΗΡΙΝΕΙΟΥ,,ΛΕΩΦ ΚΗΦΙΣΙΑΣ ΚΗΦΙΣΙΑ,,,grass,500,96,61,yes,yes,yes,epsa,,,,
ΖΩΓΡΑΦΟΥ (ΓΡ.ΛΑΜΠΡΑΚΗΣ),,ΠΛΑΤΕΙΑ ΑΓ.ΘΕΡΑΠΟΝΤΟΣ ΖΩΓΡΑΦΟΥ,,,grass,2000,108,68,yes,yes,yes,epsa,,,,
ΗΛΙΟΥΠΟΛΗΣ Α΄,,ΧΡΥΣΑΦΗ 1 ΗΛΙΟΥΠΟΛΗ,,,grass,2000,96,62,yes,yes,yes,epsa,,,,
ΗΛΙΟΥΠΟΛΗΣ Β΄,,ΤΕΡΜΑ ΠΑΤΡΙΑΡΧΟΥ ΓΡΗΓΟΡΙΟΥ ΑΓ.ΜΑΡΙΝΑ,,,artificial_turf,2000,100,62,yes,yes,yes,epsa,,,,
ΗΛΙΟΥΠΟΛΗΣ Δ΄,,ΗΛΙΟΥΠΟΛΗ,,,artificial_turf,,,,no,no,no,epsa,,,,
ΗΡΑΚΛΕΙΟΥ,,ΠΡΑΣΙΝΟΥ ΛΟΦΟΥ ΣΤΑΣΗ ΓΕΦΥΡΑ,,,artificial_turf,2500,96,47,yes,yes,yes,epsa,,,,
ΗΦΑΙΣΤΟΥ,,ΕΘΝΙΚΗΣ ΑΝΤΙΣΤΑΣΕΩΣ & ΗΦΑΙΣΤΟΥ 22 ΠΕΡΙΣΤΕΡΙ,,,artificial_turf,1500,100,65,yes,yes,yes,epsa,,,,
ΙΛΙΟΥ,,ΕΛΕΥΣΙΝΙΩΝ ΜΥΣΤΗΡΙΩΝ ΠΑΡΚΟ ΤΡΙΤΣΗ,,,artificial_turf,700,96,64,yes,yes,yes,epsa,,,,
ΚΑΙΣΑΡΙΑΝΗΣ (ΒΟΗΘΗΤΙΚΟ),,ΤΕΡΜΑ ΕΘΝΙΚΗΣ ΑΝΤΙΣΤΑΣΕΩΣ ΚΑΙΣΑΡΙΑΝΗ,,,artificial_turf,200,95,45,yes,yes,yes,epsa,,,,
ΚΑΙΣΑΡΙΑΝΗΣ (Μ.ΚΡΗΤΙΚΟΠΟΥΛΟΣ),,ΤΕΡΜΑ ΕΘΝΙΚΗΣ ΑΝΤΙΣΤΑΣΗΣ,,,grass,3200,,,yes,yes,yes,epsa,,,,
ΚΑΛΑΜAKIOY ΑΛΙΜΟΥ Β΄,,ΓΕΡΟΛΑΝΟΥ 2 ΑΛΙΜΟΣ,,,artificial_turf,200,105,68,yes,yes,yes,epsa,,,,
ΚΑΜΑΤΕΡΟΥ,,ΤΕΡΜΑ ΙΕΡΟΥ ΛΟΧΟΥ,,,artificial_turf,300,103,66,yes,yes,yes,epsa,,,,
ΚΑΤΩ ΑΧΑΡΝΩΝ,,ΤΕΡΜΑ ΟΔΟΥ ΕΙΡΗΝΗΣ Κ.ΑΧΑΡΝΑΙ,,,artificial_turf,600,100,57,yes,yes,yes,epsa,,,,
ΚΑΤΩ ΧΑΛΑΝΔΡΙΟΥ,,ΛΕΥΚΩΣΙΑΣ & ΣΑΡΑΝΤΑΠΟΡΟΥ(ΝΟΜΙΣΜΑΤΟΚΟΠΕΙΟ),,,artificial_turf,100,96,59,yes,yes,yes,epsa,,,,
ΚΟΛΛΕΓΙΟΥ ΝΤΕΡΗ,,ΓΡΑΒΙΑΣ 6  ΑΓ.ΠΑΡΑΣΚΕΥΗ,,,artificial_turf,500,90,45,yes,yes,yes,epsa,,,,
ΚΥΨΕΛΗΣ (ΑΛΕΠΟΤΡΥΠΑΣ),,ΜΕΓΙΣΤΗΣ-ΚΥΘΗΡΩΝ&ΑΝΑΦΗΣ ΑΝΩ ΚΥΨΕΛΗ,,,artificial_turf,350,91,51,yes,yes,yes,epsa,,,,
ΜΕΛΙΣΣΙΩΝ,,Κ.ΤΣΙΜΠΡΙΚΙΔΗ 4-6,,,artificial_turf,1000,90,64,yes,yes,yes,epsa,,,,
ΜΕΤ/ΣΗΣ ΛΥΚΟΒΡΥΣΗΣ,,Γ.ΠΑΠΑΝΔΡΕΟΥ&ΛΥΚΟΒΡΥΣΗΣ,,,artificial_turf,500,98,64,yes,yes,yes,epsa,,,,
ΜΟΣΧΑΤΟΥ,,ΜΟΣΧΑΤΟ,,,artificial_turf,,,,no,no,no,epsa,,,,
ΝΕΑΣ ΕΡΥΘΡΑΙΑΣ,,ΓΥΜΝΑΣΤΗΡΙΟΥ 8,,,grass,1000,100,64,yes,yes,yes,epsa,,,,
ΝΕΑΣ ΙΩΝΙΑΣ,,ΟΜΟΡΦΟΚΚΛΗΣΙΑΣ & ΕΘΝΙΚΗΣ ΑΝΤΙΣΤΑΣΕΩΣ,,,artificial_turf,800,105,66,yes,yes,yes,epsa,,,,
ΝΗΑΡ. ΗΣΤ,,ΕΘΝΙΚΗΣ ΑΝΤΙΣΤΑΣΕΩΣ 118 ΚΑΙΣΑΡΙΑΝΗ,,,grass,3000,104,66,yes,no,yes,epsa,,,,
ΠΑΛ.ΦΑΛΗΡΟΥ (Σ.ΑΓΓΕΛΟΠΟΥΛΟΣ),,Π.ΦΑΛΗΡΟ ΓΗΠ ΤΑΕΚΒΟΝΤΟ,,,artificial_turf,800,100,70,yes,yes,yes,epsa,,,,
ΠΑΝΙΩΝΙΟΥ (ΝΕΑΣ ΣΜΥΡΝΗΣ),,Ι ΧΡΥΣΟΣΤΟΜΟΥ & ΘΕΜΙΣΤΟΚΛΗ ΣΟΦΟΥΛΗ,,,grass,10000,105,68,yes,yes,yes,epsa,,,,
ΠΑΠΑΓΟΥ,,ΚΥΠΡΟΥ 2 ΠΑΠΑΓΟΣ,,,artificial_turf,600,104,60,yes,yes,yes,epsa,,,,
ΠΑΡΑΔΕΙΣΟΥ ΑΜΑΡΟΥΣΙΟΥ,,ΜΕΛΙΣΣΙΩΝ & ΠΑΛΑΜΑ 15126,,,artificial_turf,200,90,50,yes,yes,yes,epsa,,,,
ΠΕΡΙΣΤΕΡΙΟΥ (ΓΑΛΑΞΙΑ),,ΧΡΥΣΑΝΘΕΜΩΝ & ΡΕΑΣ  ΚΗΠΟΥΠΟΛΗ,,,artificial_turf,400,94,54,yes,yes,yes,epsa,,,,
ΠΕΡΙΣΤΕΡΙΟΥ (ΧΩΡΑΦΑΣ),,ΟΔΟΣ ΠΕΥΚΩΝ ΚΗΠΟΥΠΟΛΗ-ΠΕΡΙΣΤΕΡΙ,,,artificial_turf,600,90,58,yes,yes,yes,epsa,,,,
ΠΕΤΡΟΥΠΟΛΗΣ  Γ΄ (ΓΡΗΓΟΡΙΟΥ),,ΠΕΤΡΟΥΠΟΛΗ,,,artificial_turf,700,95,62,yes,yes,yes,epsa,,,,
ΠΕΤΡΟΥΠΟΛΗΣ Β΄(ΑΛΚΥΩΝ),,ΔΗΜΟΣ ΠΕΤΡΟΥΠΟΛΗΣ,,,artificial_turf,,,,no,no,no,epsa,,,,
ΠΕΥΚΗΣ,,ΔΗΜΟΚΡΑΤΙΑΣ & ΠΛΑΤΩΝΟΣ ΠΕΥΚΗ,,,artificial_turf,300,97,59,yes,yes,yes,epsa,,,,
ΡΟΥΦ,,ΠΕΙΡΑΙΩΣ& ΕΥΚΛΕΙΔΩΝ 69,,,artificial_turf,800,100,66,yes,yes,yes,epsa,,,,
ΣΠΑΤΩΝ (ΕΓΚΑΤΑΣΤΑΣΕΙΣ KICKS AK,,Ο.Τ. 49 ΕΠΙΧΕΙΡΗΜΑΤΙΚΟ ΠΑΡΚΟ/5η ΦΟΙΝΙΚΑΣ ΣΠΑΤΑ 190,,,artificial_turf,,,,yes,yes,yes,epsa,,,,
ΣΤΑΔΙΟ ΣΤΕΦΑΝΟΥ ΔΕΛΤΑ,,ΣΤΕΦΑΝΟΥ ΔΕΛΤΑ 15 ΨΥΧΙΚΟ,,,artificial_turf,1200,,,yes,yes,yes,epsa,,,,
ΣΤΑΜΑΤΑΣ,,ΣΤΑΜΑΤΑ ΑΤΤΙΚΗΣ,,,artificial_turf,,,,no,no,no,epsa,,,,
ΤΑΥΡΟΥ Α΄(ΣΠ. ΓΙΑΛΑΜΠΙΔΗΣ),,ΤΑΥΡΟΥ ΤΑΥΡΟΣ,,,grass,1000,102,70,yes,yes,yes,epsa,,,,
ΤΑΥΡΟΥ Β΄ (Χ.ΠΑΥΛΙΔΗΣ),,ΧΑΜΟΣΤΕΡΝΑΣ & ΚΩΝΣΤΑΝΤΙΝΟΥΠΟΛΕΩΣ 177 ΤΑΥΡΟΣ,,,artificial_turf,400,96,53,yes,yes,yes,epsa,,,,
ΤΕΡΨΙΘΕΑΣ,,ΑΓ.ΝΕΚΤΑΡΙΟΥ & ΤΕΝΕΔΟΥ ΤΕΡΨΙΘΕΑ,,,artificial_turf,200,98,62,yes,no,yes,epsa,,,,
ΤΖΙΤΖΙΦΙΩΝ (ΠΑΡΑΛΙΑΣ),,ΠΑΡΑΛΙΑ ΤΖΙΤΖΙΦΙΩΝ (ΟΛΥΜΠΙΑΚΕΣ ΕΓΚΑΤΑΣΤΑΣΕΙΣ),,,artificial_turf,300,100,64,yes,yes,yes,epsa,,,,
ΤΡΑΧΩΝΩΝ  ΑΛΙΜΟΥ Α΄,,ΛΕΩΦ.ΙΩΝΙΑΣ 95 & ΗΡΩΟΣ ΜΑΤΣΗ ΑΛΙΜΟΣ,,,artificial_turf,500,105,68,yes,yes,yes,epsa,,,,
ΤΡΙΦΥΛΛΙΑΚΟΥ (AFC ΧΑΛΑΝΔΡΙΟΥ),,ΧΑΛΑΝΔΡΙ,,,artificial_turf,,,,no,no,no,epsa,,,,
ΥΜΗΤΤΟΥ,,ΜΕΛΙΝΑΣ ΜΕΡΚΟΥΡΗ (ΘΕΑΤΡΟ ΒΡΑΧΩΝ),,,artificial_turf,250,96,60,yes,no,yes,epsa,,,,
ΧΑΛΑΝΔΡΙΟΥ,,Λ.ΠΕΝΤΕΛΗΣ 150,,,artificial_turf,250,103,62,yes,yes,yes,epsa,,,,
ΧΑΪΔΑΡΙΟΥ (Τ.ΧΑΡΑΛΑΜΠΙΔΗΣ),,ΙΕΡΑ ΟΔΟΣ 255 ΧΑΪΔΑΡΙ,,,artificial_turf,700,100,70,yes,yes,yes,epsa,,,,
ΧΑΪΔΑΡΙΟΥ ΑΘΛΗΤΙΚΟ ΚΕΝΤΡΟ,,Γ.ΣΕΠΤΕΜΒΡΙΟΥ&ΗΡΩΩΝ ΠΟΛΥΤΕΧΝΕΙΟΥ  ΔΑΣΟΣ ΧΑΪΔΑΡΙΟΥ,,,artificial_turf,1000,,,yes,yes,yes,epsa,,,,
ΧΟΛΑΡΓΟΥ  Α΄,,17ης ΝΟΕΜΒΡΙΟΥ & ΚΕΦΑΛΛΗΝΙΑΣ ΧΟΛΑΡΓΟΣ,,,grass,300,94,64,yes,yes,yes,epsa,,,,
ΧΟΛΑΡΓΟΥ  Β΄,,ΤΕΡΜΑ ΣΥΡΟΥ ΧΟΛΑΡΓΟΣ,,,artificial_turf,300,100,68,yes,yes,yes,epsa,,,,
ΧΡΥΣΟΥΠΟΛΗΣ,,ΤΕΜΠΩΝ ΘΕΑΤΡΟ ΦΟΙΝΙΚΑ,,,artificial_turf,800,96,63,yes,yes,yes,epsa,,,,
ARENA ΒΑΡΗΣ,,ΒΑΡΗ,,,artificial_turf,,,,,,,epsana,,,,
BATISTA,,,,,artificial_turf,,,,,,,epsana,,,,
Champion Camp,,,,,grass,,,,,,,epsana,,,,
FOUS DE FOOT,,,,,artificial_turf,,,,,,,epsana,,,,
KICKS SPORT CENTER,,,,,artificial_turf,,,,,,,epsana,,,,
Pallini Αrena,,Παλλήνη,,,artificial_turf,,,,,,,epsana,,,,
Planet Cosmos,,ΓΕΡΑΚΑ,,,artificial_turf,,,,,,,epsana,,,,
River camp,,,,,artificial_turf,,,,,,,epsana,,,,
SAN SIRO,,,,,artificial_turf,,,,,,,epsana,,,,
SELECAO,,Λ Μαραθώνος 434 436 Ν Μάκρη,,,artificial_turf,,,,,,,epsana,,,,
STAR SPORT CLUB,,ΒΟΥΛΑ,,,artificial_turf,,,,,,,epsana,,,,
SUPER GOAL,,ΚΟΥΒΑΡΑΣ,,,artificial_turf,,,,,,,epsana,,,,
SUPERLEAGUE ΚΟΡΩΠΙ,,ΚΟΡΩΠΙ,,,artificial_turf,,,,,,,epsana,,,,
Soccer Statios,,Παλλήνη,,,artificial_turf,,,,,,,epsana,,,,
Total,,,,,artificial_turf,,,,,,,epsana,,,,
gugu goal,,,,,dirt,,,,,,,epsana,,,,
Άνοιξης Γ.Κυριάκης,,,,,artificial_turf,,,,,,,epsana,,,,
ΑΚ Παλλήνης,,,,,grass,,,,,,,epsana,,,,
Αγίας Άννας,,,,,artificial_turf,,,,,,,epsana,,,,
Αγίας Μαρίνας,,,,,artificial_turf,,,,,,,epsana,,,,
Αγίου Στεφάνου,,,,,artificial_turf,,,,,,,epsana,,,,
Αναβύσσου,,,,,artificial_turf,,,,,,,epsana,,,,
Ανθούσας,,,,,artificial_turf,,,,,,,epsana,,,,
Αρτέμιδος,,,,,artificial_turf,,,,,,,epsana,,,,
Αυλώνα,,,,,artificial_turf,,,,,,,epsana,,,,
Αφιδνών,,,,,artificial_turf,,,,,,,epsana,,,,
Βάρης,,,,,artificial_turf,,,,,,,epsana,,,,
Βαρνάβα,,,,,artificial_turf,,,,,,,epsana,,,,
Βουλιαγμένης,,,,,grass,,,,,,,epsana,,,,
Βούλας,,,,,grass,,,,,,,epsana,,,,
ΓΕΙΤΟΝΑ ΒΑΡΗΣ,,ΒΑΡΗ,,,artificial_turf,,,,,,,epsana,,,,
Γέρακα,,,,,artificial_turf,,,,,,,epsana,,,,
Γλυκών Νερών,,,,,grass,,,,,,,epsana,,,,
Γλυκών Νερών (πλαστικό),,,,,artificial_turf,,,,,,,epsana,,,,
Γραμματικού,,,,,artificial_turf,,,,,,,epsana,,,,
ΔΑΚ Παιανίας,,,,,artificial_turf,,,,,,,epsana,,,,
ΔΙΑΣΤ. ΡΑΦΗΝΑΣ,,ΡΑΦΗΝΑ,,,artificial_turf,,,,,,,epsana,,,,
Δημοτικό Αχαρνών,,,,,grass,,,,,,,epsana,,,,
Διονύσου,,,,,artificial_turf,,,,,,,epsana,,,,
Διώνης,,,,,artificial_turf,,,,,,,epsana,,,,
Δροσιάς,,,,,artificial_turf,,,,,,,epsana,,,,
Κάτω Αχαρνών,,,,,artificial_turf,,,,,,,epsana,,,,
Καλάμου,,,,,artificial_turf,,,,,,,epsana,,,,
Καλυβίων,,,,,artificial_turf,,,,,,,epsana,,,,
Καπανδριτίου,,,,,artificial_turf,,,,,,,epsana,,,,
Κερατέας,,,,,grass,,,,,,,epsana,,,,
Κορωπίου Αντώνης Πρίφτης,,,,,grass,,,,,,,epsana,,,,
Κουβαρά,,,,,artificial_turf,,,,,,,epsana,,,,
Κρυονερίου,,,,,artificial_turf,,,,,,,epsana,,,,
Κωστέα-Γείτονα,,,,,artificial_turf,,,,,,,epsana,,,,
Λαυρίου Γιώργος Ραφιάς,,,,,artificial_turf,,,,,,,epsana,,,,
Λαυρίου Π.Βογιατζής,,,,,artificial_turf,,,,,,,epsana,,,,
ΜΑΛΑΚΑΣΑΣ,,ΜΑΛΑΚΑΣΑ,,,artificial_turf,,,,,,,epsana,,,,
Μαραθώνα,,,,,grass,,,,,,,epsana,,,,
Μαρκόπουλου,,"Λεωφ. Μαρκόπουλου 75, Μαρκόπουλο Μεσογαίας",,,grass,,,,,,,epsana,,,,
Νέας Μάκρης,,,,,artificial_turf,,,,,,,epsana,,,,
Νέων Παλατίων,,,,,artificial_turf,,,,,,,epsana,,,,
Νικολακάκη,,,,,artificial_turf,,,,,,,epsana,,,,
Παλαιάς Φώκαιας,,,,,artificial_turf,,,,,,,epsana,,,,
Παλλήνης Πλαστικό,,,,,artificial_turf,,,,,,,epsana,,,,
Παπασιδέρη,,,,,grass,,,,,,,epsana,,,,
Πολυδενδρίου,,,,,artificial_turf,,,,,,,epsana,,,,
Πόρτο Ράφτη,,,,,artificial_turf,,,,,,,epsana,,,,
Ραφήνας,,,,,artificial_turf,,,,,,,epsana,,,,
Σπάτων Δημήτρης Δημητρίου,,,,,grass,,,,,,,epsana,,,,
Σταμάτας,,,,,artificial_turf,,,,,,,epsana,,,,
Συκαμίνου,,,,,artificial_turf,,,,,,,epsana,,,,
ΤΖΑΚΙΩΝ  ΠΑΛΛΗΝΗ,,,,,artificial_turf,,,,,,,epsana,,,,
Χέρωμα Βάρης,,,,,artificial_turf,,,,,,,epsana,,,,
DALUZ,,Ζεφυρι- Μπουμπουλίνας 14Α άνωθ,,,artificial_turf,,,,no,no,no,epsda,,,,
DREAM SPORT,,ΜΕΓΑΡΑ ΑΤΤΙΚΗΣ,,,artificial_turf,,,,no,no,no,epsda,,,,
FOOTBALL CLUB KYRIAKOS,,Θέση Αεροδρόμιο Γκορυτσά Ασπρό,,,artificial_turf,,,,no,no,no,epsda,,,,
KIDSINACTION (ΔΡΟΜΟΣ ΠΑΧΗΣ),,ΜΕΓΑΡΑ,,,artificial_turf,,,,no,no,no,epsda,,,,
MEGARA SPORTS CLUB,,"ΜΕΗΜΒΡΙΑΣ 20, ΜΕΓΑΡΑ",,,artificial_turf,,,,no,no,no,epsda,,,,
SOCCER LAND,,ΕΛΕΥΣΙΝΑ,,,artificial_turf,,,,yes,no,no,epsda,,,,
SPORTLAND,,ΑΣΠΡΟΠΥΡΓΟΣ,,,artificial_turf,,,,no,no,no,epsda,,,,
SUPER BALL,,ΜΑΝΔΡΑ ΑΤΤΙΚΗΣ,,,artificial_turf,,,,no,no,no,epsda,,,,
ΑΘΛΗΤΙΚΟ ΠΑΡΚΟ ΠΑΡΝΗΘΑΣ,,Πανόραμα ¶νω Λιόσια Τέρμα Ρόδω,,,artificial_turf,,,,no,no,no,epsda,,,,
ΒΙΛΙΩΝ,,ΔΗΜΟΣ ΜΑΝΔΡΑΣ - ΕΙΔΥΛΛΙΑΣ,,,artificial_turf,,,,no,no,no,epsda,,,,
ΒΟΗΘΗΤΙΚΟ ΑΣΠΡΟΠΥΡΓΟΥ,,ΑΣΠΡΟΠΥΡΓΟΣ,,,artificial_turf,,,,no,no,no,epsda,,,,
ΒΟΗΘΗΤΙΚΟ ΓΗΠΕΔΟ  Δ.Χ.Α. ΜΕΓΑΡ,,ΜΕΓΑΡΑ ΑΤΤΙΚΗΣ,,,artificial_turf,,,,no,no,no,epsda,,,,
ΒΟΗΘΗΤΙΚΟ ΓΗΠΕΔΟ  ΖΕΦΥΡΙΟΥ,,ΖΕΦΥΡΙΟΥ,,,artificial_turf,,,,no,no,no,epsda,,,,
ΒΟΗΘΗΤΙΚΟ ΠΑΝΕΛΕΥΣΙΝΙΑΚΟΥ,,ΔΗΜΟΣ ΕΛΕΥΣΙΝΑΣ,,,artificial_turf,,,,no,no,no,epsda,,,,
ΓΕΩΡΓΙΟΣ ΡΟΥΜΕΛΙΩΤΗΣ,,ΔΗΜΟΣ ΕΛΕΥΣΙΝΑΣ,,,artificial_turf,,,,no,no,no,epsda,,,,
ΓΗΠΕΔΑ ΚΑΡΑΤΑΙΔΗΣ <ΑΧΑΡΝΑΙ>,,ΑΘΗΝΑΣ ΥΓΕΙΑΣ & ΜΕΓ.ΑΛΕΞΑΝΔΡΟΥ,,,artificial_turf,,,,no,no,no,epsda,,,,
ΓΗΠΕΔΟ 7Χ7 ΖΕΦΥΡΙΟΥ,,"Ναυαρίνου και Ανεξαρτησίας, Ζε",,,artificial_turf,,,,no,no,no,epsda,,,,
ΓΗΠΕΔΟ PLAY PARK,,,,,artificial_turf,,,,no,no,no,epsda,,,,
ΓΗΠΕΔΟ ΚΑΜΑΤΕΡΟΥ,,,,,artificial_turf,,,,no,no,no,epsda,,,,
ΓΗΠΕΔΟ ΛΙΒΑΔΙ ΦΥΛΗΣ,,Φυλή,,,artificial_turf,,,,no,no,no,epsda,,,,
ΓΚΟΡΥΤΣΑΣ,,ΔΗΜΟΣ ΑΣΠΡΟΠΥΡΓΟΥ,,,artificial_turf,,,,no,no,no,epsda,,,,
ΓΚΟΡΥΤΣΑΣ (ΡΑΓΚΜΠΥ),,,,,artificial_turf,,,,no,no,no,epsda,,,,
ΔΗΜ. ΠΑΝΟΡΑΜΑΤΟΣ ΔΑΥΙΔ  ΜΑΥΡΟΣ,,ΦΥΛΗΣ,,,artificial_turf,,,,yes,yes,yes,epsda,,,,
ΔΗΜ. ΣΤΑΔΙΟ ΦΥΛΉΣ,,ΔΗΜΟΣ ΦΥΛΗΣ,,,grass,,,,no,no,no,epsda,,,,
ΔΗΜΟΤΙΚΟ  ΣΤΑΔΙΟ ΜΕΓΑΡΩΝ,,ΔΗΜΟΣ ΜΕΓΑΡΩΝ,,,grass,,,,no,no,no,epsda,,,,
ΔΗΜΟΤΙΚΟ ΜΕΓΑΡΩΝ (ΒΥΖΑ),,ΔΗΜΟΣ ΜΕΓΑΡΩΝ,,,artificial_turf,,,,no,no,no,epsda,,,,
ΔΗΜΟΤΙΚΟ ΝΕΑΣ ΠΕΡΑΜΟΥ,,ΔΗΜΟΣ ΜΕΓΑΡΩΝ,,,artificial_turf,,,,no,no,no,epsda,,,,
ΔΗΜΟΤΙΚΟ ΣΤΑΔΙΟ ΑΚΡΑΤΗΤΟΥ,,ΔΗΜΟΣ ΦΥΛΗΣ,,,grass,,,,no,no,no,epsda,,,,
ΔΗΜΟΤΙΚΟ ΣΤΑΔΙΟ ΑΣΠΡΟΠΥΡΓΟΥ,,ΔΗΜΟΣ ΑΣΠΡΟΠΥΡΓΟΥ,,,grass,,,,no,no,no,epsda,,,,
ΔΗΜΟΤΙΚΟ ΣΤΑΔΙΟ ΕΛΕΥΣΙΝΑΣ,,ΔΗΜΟΣ ΕΛΕΥΣΙΝΑΣ,,,grass,,,,no,no,no,epsda,,,,
ΔΥΝΑΜΗΣ,,ΑΣΠΡΟΠΥΡΓΟΥ,,,artificial_turf,,95,55,yes,no,no,epsda,,,,
ΕΡΜΗΣ ATHLETIC CLUB,,ΑΝΩ ΛΙΟΣΙΑ,,,artificial_turf,,,,no,no,no,epsda,,,,
ΕΡΥΘΡΕΣ (Κριεκούκι),,ΔΗΜΟΣ ΜΑΝΔΡΑΣ - ΕΙΔΥΛΛΙΑΣ,,,grass,,,,no,no,no,epsda,,,,
ΚΑΛΙΜΠΑΚΗ,,ΕΛΕΥΣΙΝΑ,,,artificial_turf,,,,no,no,no,epsda,,,,
ΜΑΓΟΥΛΑΣ,,ΔΗΜΟΣ ΕΛΕΥΣΙΝΑΣ,,,grass,,,,no,no,no,epsda,,,,
ΜΑΝΔΡΑΣ -ΒΑΛΑΡΙΑ,,ΒΑΛΑΡΙΑ - ΜΑΝΔΡΑΣ ΑΤΤΙΚΗΣ,,,artificial_turf,,,,no,no,no,epsda,,,,
ΝΕΟΚΤΙΣΤΩΝ ΑΣΠΡΟΠΥΡΓΟΥ,,ΔΗΜΟΣ ΑΣΠΡΟΠΥΡΓΟΥ,,,artificial_turf,,,,no,no,no,epsda,,,,
ΠΑΡΑΛΙΑΣ ΑΣΠΡΟΠΥΡΓΟΥ,,ΔΗΜΟΣ ΑΣΠΡΟΠΥΡΓΟΥ,,,artificial_turf,,,,no,no,no,epsda,,,,
ΡΟΥΠΑΚΗ ΓΗΠΕΔΟ,,ΑΣΠΡΟΠΥΡΓΟΣ,,,artificial_turf,,,,no,no,no,epsda,,,,
ΣΤΑΔΙΟ ΜΕΓΑΡΩΝ ΒΟΗΘΗΤΙΚΟ  9/9,,,,,artificial_turf,,,,no,no,no,epsda,,,,
ΦΡΑΓΚΕΙΟ,,ΔΗΜΟΣ ΜΑΝΔΡΑΣ - ΕΙΔΥΛΛΙΑΣ,,,grass,,,,no,no,no,epsda,,,,
ACTION ΡΕΝΤΗ,,ΧΑΤΖΗΑΝΕΣΤΗ 34,,,artificial_turf,,,,yes,yes,yes,epspeir,,,,
ΑΙΓΙΝΑΣ,,ΛΕΩΦΟΡΟΣ ΔΗΜΟΚΡΑΤΙΑΣ (ΠΑΡ. ΑΙΓΙΝΑΣ) ΓΥΜΝΑΣΤΗΡΙΟΥ,,,artificial_turf,1800,,,yes,yes,yes,epspeir,,,,
ΑΜΟΡΓΟΥ,,"ΑΜΟΡΓΟΥ-ΚΟΜΟΤΗΝΗΣ-ΚΥΘΗΡΩΝ-ΚΑΤΣΟΥΛΗ, ΚΑΜΙΝΙΑ",,,artificial_turf,,,,yes,yes,no,epspeir,,,,
ΑΜΠΕΛΑΚΙΩΝ,,ΑΚΤΗ ΙΑΤΡΟΥ ΒΕΡΓΗ (ΑΚΤΗ ΣΑΛΑΜΙΝΟΜΑΧΩΝ),,,artificial_turf,350,,,yes,yes,yes,epspeir,,,,
ΑΣΥΡΜΑΤΟΥ - ΑΓΙΟΣ ΔΗΜΗΤΡΙΟΣ,,,,,artificial_turf,,,,yes,yes,no,epspeir,,,,
ΒΟΗΘΗΤΙΚΟ ΚΕΡΑΤΣΙΝΙΟΥ Π.ΣΑΛΠΕΑ,,,,,artificial_turf,,,,no,no,no,epspeir,,,,
ΓΕΩΡΓΙΟΣ ΚΑΡΑΪΣΚΑΚΗΣ,,ΚΑΡΑΟΛΗ ΔΗΜΗΤΡΙΟΥ & ΣΟΦΙΑΝΟΠΟΥΛΟΥ,,,grass,,105,68,yes,yes,yes,epspeir,,,,
ΓΗΠ. ΟΛΥΜΠΙΑΚΟΥ ΣΑΛΑΜΙΝΑΣ,,ΛΕΩΦΟΡΟΣ ΑΙΑΝΤΙΟΥ 86,,,artificial_turf,,,,no,no,no,epspeir,,,,
ΓΗΠ.ΚΑΛΛΙΘΕΑΣ ΣΤ.ΝΙΑΡΧΟΣ,,,,,artificial_turf,,,,no,no,no,epspeir,,,,
ΓΗΠ.ΜΙΝΩΤΑΥΡΟΥ,,,,,artificial_turf,,,,no,no,no,epspeir,,,,
ΓΗΠΕΔΟ ΚΕΡΑΤΣΙΝΙΟΥ ΠΑΝ ΣΑΛΠΕΑ,,Λ. ΕΘΝΙΚΗΣ ΑΝΤΙΣΤΑΣΕΩΣ (ΣΧΙΣΤΟΥ),,,grass,1500,105,70,yes,yes,yes,epspeir,,,,
ΔΡΑΠΕΤΣΩΝΑΣ «ΓΙΑΝΝΗΣ ΒΑΖΟΣ»,,ΓΡΗΓΟΡΙΟΥ ΛΑΜΠΡΑΚΗ 34 ΜΙΧΑΛΗΝΟΥ – ΔΡΑΠΕΤΣΩΝΑ,,,artificial_turf,1150,98,65,yes,yes,yes,epspeir,,,,
ΕΓΚΑΤΑΣΤΑΣΕΙΣ ΟΛΥΜΠΙΑΚΟΥ ΡΕΝΤΗ,,ΨΑΡΩΝ,,,grass,,,,yes,yes,yes,epspeir,,,,
ΕΙΡΗΝΗΣ ΚΑΙ ΦΙΛΙΑΣ-ΣΕΦ,,ΕΘΝΑΡΧΟΥ  ΜΑΚΑΡΙΟΥ,,,artificial_turf,200,,,yes,yes,yes,epspeir,,,,
ΕΛΑΙΩΝΑΣ,,,,,artificial_turf,,,,no,no,no,epspeir,,,,
ΚΕΡΑΤΣΙΝΙΟΥ  - ΝΙΚΟΣ ΓΟΔΑΣ,,"ΣΩΚΡΑΤΟΥΣ & ΚΩΝΣΤΑΝΤΙΝΟΥ ΠΑΛΑΙΟΛΟΓΟΥ,ΚΕΡΑΤΣΙΝΙ",,,artificial_turf,250,98,65,yes,yes,yes,epspeir,,,,
ΚΕΡΑΤΣΙΝΙΟΥ  «ΣΙΤΑΠΟΘΗΚΕΣ»,,ΓΑΛΗΝΗ & ΔΡΑΓΑΤΣΑΝΙΟΥ,,,artificial_turf,1100,,,yes,yes,yes,epspeir,,,,
ΚΟΡΥΔΑΛΛΟΥ,,ΠΛΑΤΑΙΩΝ,,,artificial_turf,1100,,,yes,yes,yes,epspeir,,,,
ΜΟΣΧΑΤΟΥ,,ΚΑΠΟΔΙΣΤΡΙΟΥ & ΜΙΑΟΥΛΗ,,,artificial_turf,900,,,yes,yes,yes,epspeir,,,,
ΝΕΑΠΟΛΗΣ,,ΓΡΗΓΟΡΙΟΥ ΛΑΜΠΡΑΚΗ 336,,,grass,5000,,,yes,yes,yes,epspeir,,,,
ΝΙΚΑΙΑΣ,,ΠΛΑΤΕΙΑ ΑΡΕΩΣ-ΧΡΥΣΟΣΤΟΜΟΥ ΣΜΥΡΝΗΣ 45,,,artificial_turf,4350,,,yes,yes,yes,epspeir,,,,
ΝΙΚΑΙΑΣ - Π. ΝΙΚΟΛΑΪΔΗΣ,,ΚΥΡΑΣ ΤΗΣ ΡΩΣ 3 -ΑΛΣΟΣ ΝΙΚΑΙΑΣ,,,artificial_turf,1000,97,64,yes,yes,yes,epspeir,,,,
ΟΡΥΖΟΜΥΛΩΝ –ΑΙΓΑΛΕΩ,,ΟΡΥΖΟΜΥΛΩΝ ΚΑΙ ΛΥΚΑΒΗΤΤΟΥ,,,artificial_turf,250,90,45,yes,yes,yes,epspeir,,,,
ΠΑΡΑΛΙΑ ΚΑΛΛΙΘΕΑΣ,,ΠΑΡΑΛΙΑ – ΟΛΥΜΠΙΑΚΕΣ ΕΓΚΑΤΑΣΤΑΣΕΙΣ,,,artificial_turf,700,110,75,yes,yes,yes,epspeir,,,,
ΠΑΡΑΛΙΑΣ ΣΑΛΑΜΙΝΑΣ,,ΛΕΩΦΟΡΟΣ ΑΚΤΗ ΚΑΡΑΪΣΚΑΚΗ,,,artificial_turf,,,,no,no,no,epspeir,,,,
ΠΕΡΑΜΑΤΟΣ,,ΛΕΩΦΟΡΟΣ ΔΗΜΟΚΡΑΤΙΑΣ/ΕΙΡΗΝΗΣ 263-ΛΑΝΙΤΟΥ 9,,,artificial_turf,350,110,76,yes,yes,yes,epspeir,,,,
ΡΕΝΤΗ - ΣΤΑΥΡΟΣ ΜΕΛΙΣΣΟΥΡΓΟΣ,,ΑΡΤΕΜΙΔΟΣ 18,,,artificial_turf,500,,,yes,yes,yes,epspeir,,,,
ΡΟΥΣΣΑΛΗΣ GROUP,,"ΟΡΦΕΩΣ 201, ΑΙΓΑΛΕΩ",,,artificial_turf,,,,no,no,no,epspeir,,,,
ΣΑΛΑΜΙΝΑΣ,,ΣΤΑΔΙΟΥ 1  ΚΩΝΣΤΑΝΤΙΝΟΥ ΚΑΡΑΜΑΝΛΗ,,,grass,900,,,yes,yes,yes,epspeir,,,,
ΣΤΑΔΙΟ ΚΑΛΛΙΘΕΑΣ ΓΡ.ΛΑΜΠΡΑΚΗΣ,,"ΓΡΙΒΑ 3,ΚΑΛΛΙΘΕΑ",,,artificial_turf,4200,,,yes,yes,yes,epspeir,,,,
ΤΑΥΡΟΥ  Βʼ  (Χ.ΠΑΥΛΙΔΗΣ),,ΧΑΜΟΣΤΕΡΝΑΣ & ΚΩΝΣΤΑΝΤΙΝΟΥΠΟΛΕΩΣ 177 ΤΑΥΡΟΣ,,,artificial_turf,400,96,53,yes,yes,yes,epspeir,,,,
ΤΑΥΡΟΥ Α΄(ΣΠ.ΓΙΑΛΑΜΠΙΔΗΣ),,ΤΑΥΡΟΣ,,,grass,1750,102,70,yes,yes,yes,epspeir,,,,
